,class,clds,day_ind,dewpt,dow,expire_time_gmt,fcst_valid,fcst_valid_local,feels_like,golf_category,golf_index,gust,hi,icon_code,icon_extd,mslp,num,phrase_12char,phrase_22char,phrase_32char,pop,precip_type,qpf,rh,severity,snow_qpf,subphrase_pt1,subphrase_pt2,subphrase_pt3,temp,uv_desc,uv_index,uv_index_raw,uv_warning,vis,wc,wdir,wdir_cardinal,wspd,wxman
0,fod_short_range_hourly,41,N,17,Friday,1600972589,1600974000,2020-09-25T03:00:00+0800,18,,,,18,29,2900,1014.1,1,P Cloudy,Partly Cloudy,Partly Cloudy,3,rain,0.0,93,1,0.0,Partly,Cloudy,,18,Low,0,0.0,0,12.0,18,92,E,4,wx1600
1,fod_short_range_hourly,40,N,17,Friday,1600972589,1600977600,2020-09-25T04:00:00+0800,18,,,,18,29,2900,1014.25,2,P Cloudy,Partly Cloudy,Partly Cloudy,3,rain,0.0,96,1,0.0,Partly,Cloudy,,18,Low,0,0.0,0,10.0,18,89,E,4,wx1600
2,fod_short_range_hourly,49,N,17,Friday,1600972589,1600981200,2020-09-25T05:00:00+0800,17,,,,17,29,2900,1014.6,3,P Cloudy,Partly Cloudy,Partly Cloudy,3,rain,0.0,96,1,0.0,Partly,Cloudy,,17,Low,0,0.0,0,10.0,17,84,E,4,wx1600
3,fod_short_range_hourly,63,N,17,Friday,1600972589,1600984800,2020-09-25T06:00:00+0800,17,,,,17,27,2700,1014.87,4,M Cloudy,Mostly Cloudy,Mostly Cloudy,3,rain,0.0,97,1,0.0,Mostly,Cloudy,,17,Low,0,0.0,0,10.0,17,97,E,3,wx1200
4,fod_short_range_hourly,68,D,18,Friday,1600972589,1600988400,2020-09-25T07:00:00+0800,19,Very Good,9.0,,19,28,2800,1015.3,5,M Cloudy,Mostly Cloudy,Mostly Cloudy,3,rain,0.0,94,1,0.0,Mostly,Cloudy,,19,Low,0,0.2,0,13.0,19,109,ESE,4,wx1200
5,fod_short_range_hourly,73,D,18,Friday,1600972589,1600992000,2020-09-25T08:00:00+0800,21,Excellent,10.0,,21,28,2800,1015.52,6,M Cloudy,Mostly Cloudy,Mostly Cloudy,4,rain,0.0,85,1,0.0,Mostly,Cloudy,,21,Low,1,1.03,0,16.0,21,121,ESE,5,wx1200
6,fod_short_range_hourly,81,D,18,Friday,1600972589,1600995600,2020-09-25T09:00:00+0800,23,Excellent,10.0,,23,26,2600,1015.7,7,Cloudy,Cloudy,Cloudy,8,rain,0.0,73,1,0.0,Cloudy,,,23,Low,2,1.98,0,16.0,23,141,SE,4,wx1200
7,fod_long_range_hourly,83,D,17,Friday,1600973789,1600999200,2020-09-25T10:00:00+0800,25,Excellent,10.0,,25,26,2600,1015.8,8,Cloudy,Cloudy,Cloudy,14,rain,0.0,66,1,0.0,Cloudy,,,24,Moderate,3,3.34,0,16.0,24,143,SE,5,wx1200
8,fod_long_range_hourly,86,D,17,Friday,1600973789,1601002800,2020-09-25T11:00:00+0800,27,Very Good,9.0,,27,26,2600,1015.6,9,Cloudy,Cloudy,Cloudy,13,rain,0.0,61,1,0.0,Cloudy,,,25,Moderate,4,4.47,0,16.0,25,90,E,5,wx1200
9,fod_long_range_hourly,88,D,17,Friday,1600973789,1601006400,2020-09-25T12:00:00+0800,27,Very Good,9.0,,27,26,2600,1015.1,10,Cloudy,Cloudy,Cloudy,8,rain,0.0,56,1,0.0,Cloudy,,,26,Moderate,3,3.39,0,16.0,26,37,NE,5,wx1200
10,fod_long_range_hourly,89,D,16,Friday,1600973789,1601010000,2020-09-25T13:00:00+0800,28,Very Good,9.0,,28,26,2600,1014.4,11,Cloudy,Cloudy,Cloudy,8,rain,0.0,54,1,0.0,Cloudy,,,26,Moderate,3,3.13,0,16.0,26,46,NE,6,wx1200
11,fod_long_range_hourly,91,D,16,Friday,1600973789,1601013600,2020-09-25T14:00:00+0800,28,Very Good,9.0,,28,26,2600,1013.8,12,Cloudy,Cloudy,Cloudy,6,rain,0.0,53,1,0.0,Cloudy,,,27,Low,2,2.39,0,16.0,27,25,NNE,6,wx1200
12,fod_long_range_hourly,92,D,16,Friday,1600973789,1601017200,2020-09-25T15:00:00+0800,27,Very Good,9.0,,27,26,2600,1013.5,13,Cloudy,Cloudy,Cloudy,5,rain,0.0,54,1,0.0,Cloudy,,,26,Low,1,1.46,0,16.0,26,24,NNE,6,wx1200
13,fod_long_range_hourly,90,D,16,Friday,1600973789,1601020800,2020-09-25T16:00:00+0800,27,Very Good,9.0,,27,26,2600,1013.5,14,Cloudy,Cloudy,Cloudy,6,rain,0.0,55,1,0.0,Cloudy,,,26,Low,1,0.63,0,16.0,26,21,NNE,6,wx1200
14,fod_long_range_hourly,90,D,17,Friday,1600973789,1601024400,2020-09-25T17:00:00+0800,27,Very Good,9.0,,27,26,2600,1013.8,15,Cloudy,Cloudy,Cloudy,1,rain,0.0,61,1,0.0,Cloudy,,,25,Low,0,0.14,0,16.0,25,24,NNE,5,wx1200
15,fod_long_range_hourly,90,D,17,Friday,1600973789,1601028000,2020-09-25T18:00:00+0800,24,Excellent,10.0,,24,26,2600,1014.2,16,Cloudy,Cloudy,Cloudy,3,rain,0.0,68,1,0.0,Cloudy,,,24,Low,0,0.06,0,16.0,24,45,NE,5,wx1200
16,fod_long_range_hourly,85,N,18,Friday,1600973789,1601031600,2020-09-25T19:00:00+0800,23,,,,23,26,2600,1014.7,17,Cloudy,Cloudy,Cloudy,6,rain,0.0,76,1,0.0,Cloudy,,,23,Low,0,0.0,0,16.0,23,77,ENE,5,wx1200
17,fod_long_range_hourly,88,N,18,Friday,1600973789,1601035200,2020-09-25T20:00:00+0800,22,,,,22,26,2600,1015.17,18,Cloudy,Cloudy,Cloudy,7,rain,0.0,81,1,0.0,Cloudy,,,22,Low,0,0.0,0,16.0,22,89,E,5,wx1200
18,fod_long_range_hourly,87,N,19,Friday,1600973789,1601038800,2020-09-25T21:00:00+0800,22,,,,22,26,2600,1015.5,19,Cloudy,Cloudy,Cloudy,7,rain,0.0,86,1,0.0,Cloudy,,,21,Low,0,0.0,0,15.0,21,82,E,5,wx1200
19,fod_long_range_hourly,88,N,19,Friday,1600973789,1601042400,2020-09-25T22:00:00+0800,21,,,,21,26,2600,1015.62,20,Cloudy,Cloudy,Cloudy,7,rain,0.0,88,1,0.0,Cloudy,,,21,Low,0,0.0,0,15.0,21,85,E,4,wx1200
20,fod_long_range_hourly,87,N,18,Friday,1600973789,1601046000,2020-09-25T23:00:00+0800,21,,,,21,26,2600,1015.77,21,Cloudy,Cloudy,Cloudy,9,rain,0.0,88,1,0.0,Cloudy,,,20,Low,0,0.0,0,15.0,20,78,ENE,5,wx1200
21,fod_long_range_hourly,85,N,18,Saturday,1600973789,1601049600,2020-09-26T00:00:00+0800,21,,,,21,26,2600,1015.8,22,Cloudy,Cloudy,Cloudy,9,rain,0.0,90,1,0.0,Cloudy,,,20,Low,0,0.0,0,14.0,20,85,E,5,wx1200
22,fod_long_range_hourly,82,N,18,Saturday,1600973789,1601053200,2020-09-26T01:00:00+0800,20,,,,20,26,2600,1015.7,23,Cloudy,Cloudy,Cloudy,7,rain,0.0,93,1,0.0,Cloudy,,,20,Low,0,0.0,0,12.0,20,85,E,3,wx1200
23,fod_long_range_hourly,77,N,18,Saturday,1600973789,1601056800,2020-09-26T02:00:00+0800,20,,,,20,27,2700,1015.57,24,M Cloudy,Mostly Cloudy,Mostly Cloudy,11,rain,0.0,96,1,0.0,Mostly,Cloudy,,19,Low,0,0.0,0,10.0,19,72,ENE,4,wx1200
24,fod_long_range_hourly,72,N,18,Saturday,1600973789,1601060400,2020-09-26T03:00:00+0800,20,,,,20,27,2700,1015.4,25,M Cloudy,Mostly Cloudy,Mostly Cloudy,12,rain,0.0,96,1,0.0,Mostly,Cloudy,,19,Low,0,0.0,0,9.0,19,57,NE,4,wx1200
25,fod_long_range_hourly,62,N,18,Saturday,1600973789,1601064000,2020-09-26T04:00:00+0800,19,,,,19,27,2700,1015.5,26,M Cloudy,Mostly Cloudy,Mostly Cloudy,12,rain,0.0,98,1,0.0,Mostly,Cloudy,,19,Low,0,0.0,0,8.0,19,56,NE,4,wx1200
26,fod_long_range_hourly,52,N,18,Saturday,1600973789,1601067600,2020-09-26T05:00:00+0800,18,,,,18,29,2900,1015.8,27,P Cloudy,Partly Cloudy,Partly Cloudy,13,rain,0.0,100,1,0.0,Partly,Cloudy,,18,Low,0,0.0,0,8.0,18,59,ENE,5,wx1600
27,fod_long_range_hourly,45,N,18,Saturday,1600973789,1601071200,2020-09-26T06:00:00+0800,18,,,,18,29,2900,1016.2,28,P Cloudy,Partly Cloudy,Partly Cloudy,12,rain,0.0,100,1,0.0,Partly,Cloudy,,18,Low,0,0.0,0,9.0,18,66,ENE,5,wx1600
28,fod_long_range_hourly,41,D,18,Saturday,1600973789,1601074800,2020-09-26T07:00:00+0800,20,Very Good,9.0,,20,30,3000,1016.67,29,P Cloudy,Partly Cloudy,Partly Cloudy,12,rain,0.0,97,1,0.0,Partly,Cloudy,,19,Low,0,0.25,0,11.0,19,71,ENE,7,wx1100
29,fod_long_range_hourly,39,D,19,Saturday,1600973789,1601078400,2020-09-26T08:00:00+0800,21,Excellent,10.0,,21,30,3000,1017.0,30,P Cloudy,Partly Cloudy,Partly Cloudy,14,rain,0.0,88,1,0.0,Partly,Cloudy,,21,Low,1,1.27,0,16.0,21,72,ENE,9,wx1100
30,fod_long_range_hourly,40,D,18,Saturday,1600973789,1601082000,2020-09-26T09:00:00+0800,23,Excellent,10.0,,23,30,3000,1017.2,31,P Cloudy,Partly Cloudy,Partly Cloudy,21,rain,0.0,77,1,0.0,Partly,Cloudy,,23,Moderate,3,3.06,0,16.0,23,76,ENE,10,wx1100
31,fod_long_range_hourly,47,D,18,Saturday,1600973789,1601085600,2020-09-26T10:00:00+0800,24,Excellent,10.0,,24,30,3000,1017.3,32,P Cloudy,Partly Cloudy,Partly Cloudy,15,rain,0.0,68,1,0.0,Partly,Cloudy,,24,Moderate,5,5.17,0,16.0,24,82,E,11,wx1100
32,fod_long_range_hourly,50,D,17,Saturday,1600973789,1601089200,2020-09-26T11:00:00+0800,26,Excellent,10.0,,26,30,3000,1017.1,33,P Cloudy,Partly Cloudy,Partly Cloudy,18,rain,0.0,63,1,0.0,Partly,Cloudy,,25,High,7,6.9,0,16.0,25,81,E,12,wx1100
33,fod_long_range_hourly,47,D,17,Saturday,1600973789,1601092800,2020-09-26T12:00:00+0800,27,Very Good,9.0,,27,30,3000,1016.7,34,P Cloudy,Partly Cloudy,Partly Cloudy,14,rain,0.0,59,1,0.0,Partly,Cloudy,,26,Very High,8,7.62,0,16.0,26,76,ENE,12,wx1100
34,fod_long_range_hourly,47,D,16,Saturday,1600973789,1601096400,2020-09-26T13:00:00+0800,27,Very Good,9.0,,27,30,3000,1016.0,35,P Cloudy,Partly Cloudy,Partly Cloudy,8,rain,0.0,55,1,0.0,Partly,Cloudy,,26,High,7,7.02,0,16.0,26,77,ENE,11,wx1100
35,fod_long_range_hourly,49,D,16,Saturday,1600973789,1601100000,2020-09-26T14:00:00+0800,28,Very Good,9.0,,28,30,3000,1015.4,36,P Cloudy,Partly Cloudy,Partly Cloudy,4,rain,0.0,52,1,0.0,Partly,Cloudy,,27,Moderate,5,5.35,0,16.0,27,72,ENE,11,wx1100
36,fod_long_range_hourly,45,D,16,Saturday,1600973789,1601103600,2020-09-26T15:00:00+0800,28,Very Good,9.0,,28,30,3000,1015.1,37,P Cloudy,Partly Cloudy,Partly Cloudy,5,rain,0.0,53,1,0.0,Partly,Cloudy,,27,Moderate,3,3.25,0,16.0,27,68,ENE,11,wx1100
37,fod_long_range_hourly,45,D,16,Saturday,1600973789,1601107200,2020-09-26T16:00:00+0800,27,Very Good,9.0,,27,30,3000,1015.1,38,P Cloudy,Partly Cloudy,Partly Cloudy,7,rain,0.0,54,1,0.0,Partly,Cloudy,,26,Low,1,1.4,0,16.0,26,71,ENE,12,wx1100
38,fod_long_range_hourly,44,D,16,Saturday,1600973789,1601110800,2020-09-26T17:00:00+0800,27,Very Good,9.0,,27,30,3000,1015.3,39,P Cloudy,Partly Cloudy,Partly Cloudy,3,rain,0.0,58,1,0.0,Partly,Cloudy,,25,Low,0,0.3,0,16.0,25,71,ENE,11,wx1100
39,fod_long_range_hourly,37,D,17,Saturday,1600973789,1601114400,2020-09-26T18:00:00+0800,24,Excellent,10.0,,24,30,3000,1015.8,40,P Cloudy,Partly Cloudy,Partly Cloudy,5,rain,0.0,66,1,0.0,Partly,Cloudy,,24,Low,0,0.0,0,16.0,24,75,ENE,10,wx1100
40,fod_long_range_hourly,32,N,17,Saturday,1600973789,1601118000,2020-09-26T19:00:00+0800,23,,,,23,29,2900,1016.3,41,P Cloudy,Partly Cloudy,Partly Cloudy,6,rain,0.0,75,1,0.0,Partly,Cloudy,,22,Low,0,0.0,0,16.0,22,80,E,10,wx1600
41,fod_long_range_hourly,27,N,18,Saturday,1600973789,1601121600,2020-09-26T20:00:00+0800,22,,,,22,33,3300,1016.9,42,M Clear,Mostly Clear,Mostly Clear,5,rain,0.0,81,1,0.0,Mostly,Clear,,21,Low,0,0.0,0,16.0,21,84,E,9,wx1500
42,fod_long_range_hourly,20,N,18,Saturday,1600973789,1601125200,2020-09-26T21:00:00+0800,21,,,,21,33,3300,1017.37,43,M Clear,Mostly Clear,Mostly Clear,5,rain,0.0,85,1,0.0,Mostly,Clear,,20,Low,0,0.0,0,16.0,20,78,ENE,9,wx1500
43,fod_long_range_hourly,16,N,18,Saturday,1600973789,1601128800,2020-09-26T22:00:00+0800,20,,,,20,31,3100,1017.65,44,Clear,Clear,Clear,6,rain,0.0,88,1,0.0,Clear,,,20,Low,0,0.0,0,16.0,20,79,ENE,9,wx1500
44,fod_long_range_hourly,14,N,17,Saturday,1600973789,1601132400,2020-09-26T23:00:00+0800,20,,,,20,31,3100,1017.8,45,Clear,Clear,Clear,10,rain,0.0,88,1,0.0,Clear,,,19,Low,0,0.0,0,15.0,19,74,ENE,9,wx1500
45,fod_long_range_hourly,16,N,17,Sunday,1600973789,1601136000,2020-09-27T00:00:00+0800,19,,,,19,31,3100,1017.77,46,Clear,Clear,Clear,10,rain,0.0,90,1,0.0,Clear,,,19,Low,0,0.0,0,14.0,19,79,ENE,8,wx1500
46,fod_long_range_hourly,17,N,17,Sunday,1600973789,1601139600,2020-09-27T01:00:00+0800,18,,,,18,31,3100,1017.6,47,Clear,Clear,Clear,11,rain,0.0,91,1,0.0,Clear,,,18,Low,0,0.0,0,13.0,18,75,ENE,7,wx1500
47,fod_long_range_hourly,18,N,17,Sunday,1600973789,1601143200,2020-09-27T02:00:00+0800,18,,,,18,31,3100,1017.47,48,Clear,Clear,Clear,7,rain,0.0,92,1,0.0,Clear,,,18,Low,0,0.0,0,12.0,18,73,ENE,8,wx1500
48,fod_long_range_hourly,15,N,16,Sunday,1600973789,1601146800,2020-09-27T03:00:00+0800,18,,,,18,31,3100,1017.4,49,Clear,Clear,Clear,8,rain,0.0,91,1,0.0,Clear,,,18,Low,0,0.0,0,10.0,18,65,ENE,7,wx1500
49,fod_long_range_hourly,19,N,16,Sunday,1600973789,1601150400,2020-09-27T04:00:00+0800,17,,,,17,31,3100,1017.4,50,Clear,Clear,Clear,8,rain,0.0,95,1,0.0,Clear,,,17,Low,0,0.0,0,9.0,17,69,ENE,7,wx1500
50,fod_long_range_hourly,18,N,16,Sunday,1600973789,1601154000,2020-09-27T05:00:00+0800,17,,,,17,31,3100,1017.6,51,Clear,Clear,Clear,8,rain,0.0,96,1,0.0,Clear,,,17,Low,0,0.0,0,8.0,17,66,ENE,7,wx1500
51,fod_long_range_hourly,10,N,16,Sunday,1600973789,1601157600,2020-09-27T06:00:00+0800,17,,,,17,31,3100,1017.95,52,Clear,Clear,Clear,8,rain,0.0,97,1,0.0,Clear,,,17,Low,0,0.0,0,9.0,17,67,ENE,7,wx1500
52,fod_long_range_hourly,12,D,17,Sunday,1600973789,1601161200,2020-09-27T07:00:00+0800,17,Very Good,9.0,,17,32,3200,1018.4,53,Sunny,Sunny,Sunny,7,rain,0.0,95,1,0.0,Sunny,,,17,Low,0,0.24,0,12.0,17,69,ENE,8,wx1000
53,fod_long_range_hourly,9,D,17,Sunday,1600973789,1601164800,2020-09-27T08:00:00+0800,20,Very Good,9.0,,20,32,3200,1018.8,54,Sunny,Sunny,Sunny,6,rain,0.0,86,1,0.0,Sunny,,,20,Low,1,1.25,0,16.0,20,70,ENE,10,wx1000
54,fod_long_range_hourly,11,D,17,Sunday,1600973789,1601168400,2020-09-27T09:00:00+0800,22,Excellent,10.0,,22,32,3200,1019.0,55,Sunny,Sunny,Sunny,4,rain,0.0,76,1,0.0,Sunny,,,22,Moderate,3,3.03,0,16.0,22,79,ENE,11,wx1000
55,fod_long_range_hourly,14,D,17,Sunday,1600973789,1601172000,2020-09-27T10:00:00+0800,24,Excellent,10.0,,24,32,3200,1018.8,56,Sunny,Sunny,Sunny,2,rain,0.0,65,1,0.0,Sunny,,,24,Moderate,5,5.11,0,16.0,24,94,E,12,wx1000
56,fod_long_range_hourly,26,D,16,Sunday,1600973789,1601175600,2020-09-27T11:00:00+0800,26,Excellent,10.0,,26,34,3400,1018.5,57,M Sunny,Mostly Sunny,Mostly Sunny,0,rain,0.0,58,1,0.0,Mostly,Sunny,,25,High,7,6.83,0,16.0,25,96,E,13,wx1000
57,fod_long_range_hourly,25,D,15,Sunday,1600973789,1601179200,2020-09-27T12:00:00+0800,27,Very Good,9.0,,27,34,3400,1017.9,58,M Sunny,Mostly Sunny,Mostly Sunny,0,rain,0.0,52,1,0.0,Mostly,Sunny,,26,Very High,8,7.53,0,16.0,26,92,E,13,wx1000
58,fod_long_range_hourly,31,D,15,Sunday,1600973789,1601182800,2020-09-27T13:00:00+0800,27,Very Good,9.0,,27,30,3000,1017.2,59,P Cloudy,Partly Cloudy,Partly Cloudy,0,rain,0.0,49,1,0.0,Partly,Cloudy,,26,High,7,6.93,0,16.0,26,96,E,13,wx1100
59,fod_long_range_hourly,36,D,15,Sunday,1600973789,1601186400,2020-09-27T14:00:00+0800,27,Very Good,9.0,,27,30,3000,1016.6,60,P Cloudy,Partly Cloudy,Partly Cloudy,0,rain,0.0,48,1,0.0,Partly,Cloudy,,27,Moderate,5,5.27,0,16.0,27,95,E,13,wx1100
60,fod_long_range_hourly,35,D,15,Sunday,1600973789,1601190000,2020-09-27T15:00:00+0800,27,Very Good,9.0,,27,30,3000,1016.0,61,P Cloudy,Partly Cloudy,Partly Cloudy,0,rain,0.0,48,1,0.0,Partly,Cloudy,,26,Moderate,3,3.19,0,16.0,26,94,E,12,wx1100
61,fod_long_range_hourly,40,D,15,Sunday,1600973789,1601193600,2020-09-27T16:00:00+0800,27,Very Good,9.0,,27,30,3000,1015.7,62,P Cloudy,Partly Cloudy,Partly Cloudy,0,rain,0.0,50,1,0.0,Partly,Cloudy,,26,Low,1,1.36,0,16.0,26,96,E,12,wx1100
62,fod_long_range_hourly,43,D,15,Sunday,1600973789,1601197200,2020-09-27T17:00:00+0800,25,Excellent,10.0,,25,30,3000,1015.6,63,P Cloudy,Partly Cloudy,Partly Cloudy,0,rain,0.0,55,1,0.0,Partly,Cloudy,,25,Low,0,0.29,0,16.0,25,96,E,11,wx1100
63,fod_long_range_hourly,45,D,16,Sunday,1600973789,1601200800,2020-09-27T18:00:00+0800,23,Excellent,10.0,,23,30,3000,1015.9,64,P Cloudy,Partly Cloudy,Partly Cloudy,1,rain,0.0,63,1,0.0,Partly,Cloudy,,23,Low,0,0.0,0,16.0,23,99,E,9,wx1100
64,fod_long_range_hourly,48,N,16,Sunday,1600973789,1601204400,2020-09-27T19:00:00+0800,22,,,,22,29,2900,1016.3,65,P Cloudy,Partly Cloudy,Partly Cloudy,2,rain,0.0,70,1,0.0,Partly,Cloudy,,22,Low,0,0.0,0,16.0,22,101,E,9,wx1600
65,fod_long_range_hourly,51,N,16,Sunday,1600973789,1601208000,2020-09-27T20:00:00+0800,21,,,,21,29,2900,1016.7,66,P Cloudy,Partly Cloudy,Partly Cloudy,3,rain,0.0,76,1,0.0,Partly,Cloudy,,21,Low,0,0.0,0,16.0,21,105,ESE,8,wx1600
66,fod_long_range_hourly,52,N,17,Sunday,1600973789,1601211600,2020-09-27T21:00:00+0800,20,,,,20,29,2900,1016.97,67,P Cloudy,Partly Cloudy,Partly Cloudy,4,rain,0.0,80,1,0.0,Partly,Cloudy,,20,Low,0,0.0,0,16.0,20,95,E,8,wx1600
67,fod_long_range_hourly,56,N,17,Sunday,1600973789,1601215200,2020-09-27T22:00:00+0800,20,,,,20,29,2900,1017.1,68,P Cloudy,Partly Cloudy,Partly Cloudy,5,rain,0.0,83,1,0.0,Partly,Cloudy,,20,Low,0,0.0,0,16.0,20,95,E,8,wx1600
68,fod_long_range_hourly,55,N,17,Sunday,1600973789,1601218800,2020-09-27T23:00:00+0800,20,,,,20,29,2900,1017.1,69,P Cloudy,Partly Cloudy,Partly Cloudy,5,rain,0.0,84,1,0.0,Partly,Cloudy,,20,Low,0,0.0,0,16.0,20,88,E,9,wx1600
69,fod_long_range_hourly,56,N,17,Monday,1600973789,1601222400,2020-09-28T00:00:00+0800,20,,,,20,29,2900,1016.95,70,P Cloudy,Partly Cloudy,Partly Cloudy,6,rain,0.0,87,1,0.0,Partly,Cloudy,,19,Low,0,0.0,0,16.0,19,94,E,9,wx1600
70,fod_long_range_hourly,50,N,17,Monday,1600973789,1601226000,2020-09-28T01:00:00+0800,19,,,,19,29,2900,1016.67,71,P Cloudy,Partly Cloudy,Partly Cloudy,7,rain,0.0,90,1,0.0,Partly,Cloudy,,19,Low,0,0.0,0,14.0,19,94,E,8,wx1600
71,fod_long_range_hourly,53,N,17,Monday,1600973789,1601229600,2020-09-28T02:00:00+0800,19,,,,19,29,2900,1016.4,72,P Cloudy,Partly Cloudy,Partly Cloudy,7,rain,0.0,91,1,0.0,Partly,Cloudy,,19,Low,0,0.0,0,13.0,19,100,E,9,wx1600
72,fod_long_range_hourly,52,N,17,Monday,1600973789,1601233200,2020-09-28T03:00:00+0800,18,,,,18,29,2900,1016.2,73,P Cloudy,Partly Cloudy,Partly Cloudy,7,rain,0.0,93,1,0.0,Partly,Cloudy,,18,Low,0,0.0,0,12.0,18,93,E,8,wx1600
73,fod_long_range_hourly,51,N,17,Monday,1600973789,1601236800,2020-09-28T04:00:00+0800,18,,,,18,29,2900,1016.12,74,P Cloudy,Partly Cloudy,Partly Cloudy,8,rain,0.0,96,1,0.0,Partly,Cloudy,,18,Low,0,0.0,0,11.0,18,95,E,7,wx1600
74,fod_long_range_hourly,50,N,17,Monday,1600973789,1601240400,2020-09-28T05:00:00+0800,18,,,,18,29,2900,1016.17,75,P Cloudy,Partly Cloudy,Partly Cloudy,8,rain,0.0,97,1,0.0,Partly,Cloudy,,18,Low,0,0.0,0,10.0,18,93,E,7,wx1600
75,fod_long_range_hourly,40,N,17,Monday,1600973789,1601244000,2020-09-28T06:00:00+0800,18,,,,18,29,2900,1016.42,76,P Cloudy,Partly Cloudy,Partly Cloudy,8,rain,0.0,98,1,0.0,Partly,Cloudy,,18,Low,0,0.0,0,10.0,18,95,E,7,wx1600
76,fod_long_range_hourly,43,D,18,Monday,1600973789,1601247600,2020-09-28T07:00:00+0800,19,Very Good,9.0,,19,30,3000,1016.9,77,P Cloudy,Partly Cloudy,Partly Cloudy,7,rain,0.0,96,1,0.0,Partly,Cloudy,,19,Low,0,0.24,0,13.0,19,103,ESE,8,wx1100
77,fod_long_range_hourly,45,D,18,Monday,1600973789,1601251200,2020-09-28T08:00:00+0800,21,Excellent,10.0,,21,30,3000,1017.17,78,P Cloudy,Partly Cloudy,Partly Cloudy,6,rain,0.0,88,1,0.0,Partly,Cloudy,,20,Low,1,1.23,0,16.0,20,100,E,10,wx1100
78,fod_long_range_hourly,44,D,18,Monday,1600973789,1601254800,2020-09-28T09:00:00+0800,23,Excellent,10.0,,23,30,3000,1017.0,79,P Cloudy,Partly Cloudy,Partly Cloudy,5,rain,0.0,79,1,0.0,Partly,Cloudy,,22,Moderate,3,2.99,0,16.0,22,108,ESE,11,wx1100
79,fod_long_range_hourly,41,D,18,Monday,1600973789,1601258400,2020-09-28T10:00:00+0800,24,Excellent,10.0,,24,30,3000,1016.7,80,P Cloudy,Partly Cloudy,Partly Cloudy,3,rain,0.0,69,1,0.0,Partly,Cloudy,,24,Moderate,5,5.05,0,16.0,24,117,ESE,12,wx1100
80,fod_long_range_hourly,40,D,18,Monday,1600973789,1601262000,2020-09-28T11:00:00+0800,27,Excellent,10.0,,27,30,3000,1016.2,81,P Cloudy,Partly Cloudy,Partly Cloudy,3,rain,0.0,63,1,0.0,Partly,Cloudy,,25,High,7,6.75,0,16.0,25,124,ESE,13,wx1100
81,fod_long_range_hourly,54,D,17,Monday,1600973789,1601265600,2020-09-28T12:00:00+0800,27,Very Good,9.0,,27,30,3000,1015.5,82,P Cloudy,Partly Cloudy,Partly Cloudy,2,rain,0.0,58,1,0.0,Partly,Cloudy,,26,High,7,6.85,0,16.0,26,122,ESE,12,wx1100
82,fod_long_range_hourly,61,D,16,Monday,1600973789,1601269200,2020-09-28T13:00:00+0800,27,Very Good,9.0,,27,28,2800,1014.7,83,M Cloudy,Mostly Cloudy,Mostly Cloudy,3,rain,0.0,54,1,0.0,Mostly,Cloudy,,26,High,6,6.29,0,16.0,26,124,SE,12,wx1200
83,fod_long_range_hourly,68,D,16,Monday,1600973789,1601272800,2020-09-28T14:00:00+0800,27,Very Good,9.0,,27,28,2800,1014.0,84,M Cloudy,Mostly Cloudy,Mostly Cloudy,2,rain,0.0,53,1,0.0,Mostly,Cloudy,,26,Moderate,4,4.15,0,16.0,26,123,ESE,12,wx1200
84,fod_long_range_hourly,72,D,16,Monday,1600973789,1601276400,2020-09-28T15:00:00+0800,27,Very Good,9.0,,27,28,2800,1013.57,85,M Cloudy,Mostly Cloudy,Mostly Cloudy,2,rain,0.0,53,1,0.0,Mostly,Cloudy,,26,Low,2,2.5,0,16.0,26,117,ESE,11,wx1200
85,fod_long_range_hourly,76,D,16,Monday,1600973789,1601280000,2020-09-28T16:00:00+0800,27,Very Good,9.0,,27,28,2800,1013.3,86,M Cloudy,Mostly Cloudy,Mostly Cloudy,3,rain,0.0,55,1,0.0,Mostly,Cloudy,,26,Low,1,0.85,0,16.0,26,115,ESE,11,wx1200
86,fod_long_range_hourly,78,D,16,Monday,1600973789,1601283600,2020-09-28T17:00:00+0800,26,Excellent,10.0,,26,28,2800,1013.2,87,M Cloudy,Mostly Cloudy,Mostly Cloudy,3,rain,0.0,59,1,0.0,Mostly,Cloudy,,25,Low,0,0.17,0,16.0,25,112,ESE,9,wx1200
87,fod_long_range_hourly,81,D,17,Monday,1600973789,1601287200,2020-09-28T18:00:00+0800,24,Excellent,10.0,,24,26,2600,1013.4,88,Cloudy,Cloudy,Cloudy,4,rain,0.0,65,1,0.0,Cloudy,,,24,Low,0,0.0,0,16.0,24,109,ESE,9,wx1200
88,fod_long_range_hourly,82,N,17,Monday,1600973789,1601290800,2020-09-28T19:00:00+0800,23,,,,23,26,2600,1013.72,89,Cloudy,Cloudy,Cloudy,5,rain,0.0,72,1,0.0,Cloudy,,,22,Low,0,0.0,0,16.0,22,107,ESE,9,wx1200
89,fod_long_range_hourly,78,N,17,Monday,1600973789,1601294400,2020-09-28T20:00:00+0800,22,,,,22,27,2700,1014.0,90,M Cloudy,Mostly Cloudy,Mostly Cloudy,7,rain,0.0,76,1,0.0,Mostly,Cloudy,,22,Low,0,0.0,0,16.0,22,106,ESE,9,wx1200
90,fod_long_range_hourly,78,N,18,Monday,1600973789,1601298000,2020-09-28T21:00:00+0800,22,,,,22,27,2700,1014.12,91,M Cloudy,Mostly Cloudy,Mostly Cloudy,8,rain,0.0,80,1,0.0,Mostly,Cloudy,,21,Low,0,0.0,0,16.0,21,101,E,8,wx1200
91,fod_long_range_hourly,83,N,18,Monday,1600973789,1601301600,2020-09-28T22:00:00+0800,21,,,,21,26,2600,1014.2,92,Cloudy,Cloudy,Cloudy,9,rain,0.0,83,1,0.0,Cloudy,,,21,Low,0,0.0,0,16.0,21,108,ESE,7,wx1200
92,fod_long_range_hourly,83,N,18,Monday,1600973789,1601305200,2020-09-28T23:00:00+0800,21,,,,21,26,2600,1014.02,93,Cloudy,Cloudy,Cloudy,9,rain,0.0,84,1,0.0,Cloudy,,,21,Low,0,0.0,0,16.0,21,108,ESE,7,wx1200
93,fod_long_range_hourly,85,N,18,Tuesday,1600973789,1601308800,2020-09-29T00:00:00+0800,21,,,,21,26,2600,1013.8,94,Cloudy,Cloudy,Cloudy,9,rain,0.0,85,1,0.0,Cloudy,,,20,Low,0,0.0,0,16.0,20,113,ESE,6,wx1200
94,fod_long_range_hourly,88,N,18,Tuesday,1600973789,1601312400,2020-09-29T01:00:00+0800,21,,,,21,26,2600,1013.5,95,Cloudy,Cloudy,Cloudy,10,rain,0.0,86,1,0.0,Cloudy,,,20,Low,0,0.0,0,16.0,20,112,ESE,6,wx1200
95,fod_long_range_hourly,89,N,18,Tuesday,1600973789,1601316000,2020-09-29T02:00:00+0800,20,,,,20,26,2600,1013.2,96,Cloudy,Cloudy,Cloudy,20,rain,0.0,88,1,0.0,Cloudy,,,20,Low,0,0.0,0,16.0,20,112,ESE,6,wx1200
96,fod_long_range_hourly,90,N,18,Tuesday,1600973789,1601319600,2020-09-29T03:00:00+0800,20,,,,20,26,2600,1012.9,97,Cloudy,Cloudy,Cloudy,21,rain,0.0,88,1,0.0,Cloudy,,,20,Low,0,0.0,0,16.0,20,109,ESE,6,wx1200
97,fod_long_range_hourly,90,N,18,Tuesday,1600973789,1601323200,2020-09-29T04:00:00+0800,20,,,,20,26,2600,1012.7,98,Cloudy,Cloudy,Cloudy,21,rain,0.0,90,1,0.0,Cloudy,,,20,Low,0,0.0,0,15.0,20,120,ESE,6,wx1200
98,fod_long_range_hourly,90,N,18,Tuesday,1600973789,1601326800,2020-09-29T05:00:00+0800,20,,,,20,26,2600,1012.6,99,Cloudy,Cloudy,Cloudy,12,rain,0.0,91,1,0.0,Cloudy,,,19,Low,0,0.0,0,14.0,19,119,ESE,7,wx1200
99,fod_long_range_hourly,90,N,18,Tuesday,1600973789,1601330400,2020-09-29T06:00:00+0800,19,,,,19,26,2600,1012.7,100,Cloudy,Cloudy,Cloudy,12,rain,0.0,93,1,0.0,Cloudy,,,19,Low,0,0.0,0,14.0,19,121,ESE,6,wx1200
100,fod_long_range_hourly,90,D,18,Tuesday,1600973789,1601334000,2020-09-29T07:00:00+0800,20,Very Good,9.0,,20,26,2600,1013.0,101,Cloudy,Cloudy,Cloudy,12,rain,0.0,93,1,0.0,Cloudy,,,19,Low,0,0.1,0,15.0,19,127,SE,7,wx1200
101,fod_long_range_hourly,89,D,18,Tuesday,1600973789,1601337600,2020-09-29T08:00:00+0800,21,Excellent,10.0,,21,26,2600,1013.1,102,Cloudy,Cloudy,Cloudy,19,rain,0.0,88,1,0.0,Cloudy,,,20,Low,1,0.53,0,16.0,20,120,ESE,8,wx1200
102,fod_long_range_hourly,86,D,18,Tuesday,1600973789,1601341200,2020-09-29T09:00:00+0800,22,Excellent,10.0,,22,26,2600,1012.9,103,Cloudy,Cloudy,Cloudy,17,rain,0.0,81,1,0.0,Cloudy,,,22,Low,2,1.89,0,16.0,22,127,SE,8,wx1200
103,fod_long_range_hourly,80,D,18,Tuesday,1600973789,1601344800,2020-09-29T10:00:00+0800,23,Excellent,10.0,,23,26,2600,1012.6,104,Cloudy,Cloudy,Cloudy,15,rain,0.0,73,1,0.0,Cloudy,,,23,Moderate,3,3.2,0,16.0,23,133,SE,8,wx1200
104,fod_long_range_hourly,76,D,17,Tuesday,1600973789,1601348400,2020-09-29T11:00:00+0800,24,Excellent,10.0,,24,28,2800,1012.2,105,M Cloudy,Mostly Cloudy,Mostly Cloudy,7,rain,0.0,68,1,0.0,Mostly,Cloudy,,23,Moderate,4,4.27,0,16.0,23,144,SE,9,wx1200
105,fod_long_range_hourly,75,D,17,Tuesday,1600973789,1601352000,2020-09-29T12:00:00+0800,24,Excellent,10.0,,24,28,2800,1011.6,106,M Cloudy,Mostly Cloudy,Mostly Cloudy,6,rain,0.0,64,1,0.0,Mostly,Cloudy,,24,Moderate,5,4.71,0,16.0,24,137,SE,8,wx1200
106,fod_long_range_hourly,74,D,16,Tuesday,1600973789,1601355600,2020-09-29T13:00:00+0800,25,Excellent,10.0,,25,28,2800,1011.0,107,M Cloudy,Mostly Cloudy,Mostly Cloudy,5,rain,0.0,60,1,0.0,Mostly,Cloudy,,25,Moderate,5,5.4,0,16.0,25,137,SE,9,wx1200
107,fod_long_range_hourly,73,D,16,Tuesday,1600973789,1601359200,2020-09-29T14:00:00+0800,25,Excellent,10.0,,25,28,2800,1010.57,108,M Cloudy,Mostly Cloudy,Mostly Cloudy,2,rain,0.0,59,1,0.0,Mostly,Cloudy,,25,Moderate,4,4.08,0,16.0,25,140,SE,9,wx1200
108,fod_long_range_hourly,72,D,16,Tuesday,1600973789,1601362800,2020-09-29T15:00:00+0800,25,Excellent,10.0,,25,28,2800,1010.3,109,M Cloudy,Mostly Cloudy,Mostly Cloudy,2,rain,0.0,60,1,0.0,Mostly,Cloudy,,24,Low,2,2.45,0,16.0,24,127,SE,8,wx1200
109,fod_long_range_hourly,71,D,16,Tuesday,1600973789,1601366400,2020-09-29T16:00:00+0800,24,Excellent,10.0,,24,28,2800,1010.2,110,M Cloudy,Mostly Cloudy,Mostly Cloudy,3,rain,0.0,61,1,0.0,Mostly,Cloudy,,24,Low,1,1.03,0,16.0,24,125,SE,8,wx1200
110,fod_long_range_hourly,68,D,16,Tuesday,1600973789,1601370000,2020-09-29T17:00:00+0800,24,Excellent,10.0,,24,28,2800,1010.4,111,M Cloudy,Mostly Cloudy,Mostly Cloudy,4,rain,0.0,63,1,0.0,Mostly,Cloudy,,24,Low,0,0.21,0,16.0,24,124,ESE,7,wx1200
111,fod_long_range_hourly,64,N,17,Tuesday,1600973789,1601373600,2020-09-29T18:00:00+0800,23,,,,23,27,2700,1010.72,112,M Cloudy,Mostly Cloudy,Mostly Cloudy,5,rain,0.0,70,1,0.0,Mostly,Cloudy,,22,Low,0,0.0,0,16.0,22,119,ESE,6,wx1200
112,fod_long_range_hourly,53,N,17,Tuesday,1600973789,1601377200,2020-09-29T19:00:00+0800,22,,,,22,29,2900,1011.2,113,P Cloudy,Partly Cloudy,Partly Cloudy,7,rain,0.0,76,1,0.0,Partly,Cloudy,,21,Low,0,0.0,0,15.0,21,117,ESE,6,wx1600
113,fod_long_range_hourly,43,N,17,Tuesday,1600973789,1601380800,2020-09-29T20:00:00+0800,21,,,,21,29,2900,1011.6,114,P Cloudy,Partly Cloudy,Partly Cloudy,8,rain,0.0,82,1,0.0,Partly,Cloudy,,20,Low,0,0.0,0,15.0,20,117,ESE,6,wx1600
114,fod_long_range_hourly,40,N,17,Tuesday,1600973789,1601384400,2020-09-29T21:00:00+0800,20,,,,20,29,2900,1011.8,115,P Cloudy,Partly Cloudy,Partly Cloudy,9,rain,0.0,87,1,0.0,Partly,Cloudy,,20,Low,0,0.0,0,15.0,20,104,ESE,6,wx1600
115,fod_long_range_hourly,41,N,18,Tuesday,1600973789,1601388000,2020-09-29T22:00:00+0800,20,,,,20,29,2900,1011.9,116,P Cloudy,Partly Cloudy,Partly Cloudy,10,rain,0.0,90,1,0.0,Partly,Cloudy,,19,Low,0,0.0,0,14.0,19,112,ESE,5,wx1600
116,fod_long_range_hourly,42,N,17,Tuesday,1600973789,1601391600,2020-09-29T23:00:00+0800,19,,,,19,29,2900,1012.0,117,P Cloudy,Partly Cloudy,Partly Cloudy,6,rain,0.0,92,1,0.0,Partly,Cloudy,,19,Low,0,0.0,0,14.0,19,98,E,5,wx1600
117,fod_long_range_hourly,40,N,17,Wednesday,1600973789,1601395200,2020-09-30T00:00:00+0800,19,,,,19,29,2900,1011.95,118,P Cloudy,Partly Cloudy,Partly Cloudy,7,rain,0.0,92,1,0.0,Partly,Cloudy,,19,Low,0,0.0,0,13.0,19,90,E,5,wx1600
118,fod_long_range_hourly,38,N,17,Wednesday,1600973789,1601398800,2020-09-30T01:00:00+0800,18,,,,18,29,2900,1011.9,119,P Cloudy,Partly Cloudy,Partly Cloudy,7,rain,0.0,94,1,0.0,Partly,Cloudy,,18,Low,0,0.0,0,12.0,18,63,ENE,5,wx1600
119,fod_long_range_hourly,37,N,17,Wednesday,1600973789,1601402400,2020-09-30T02:00:00+0800,18,,,,18,29,2900,1011.8,120,P Cloudy,Partly Cloudy,Partly Cloudy,12,rain,0.0,95,1,0.0,Partly,Cloudy,,18,Low,0,0.0,0,11.0,18,48,NE,5,wx1600
120,fod_long_range_hourly,36,N,17,Wednesday,1600973789,1601406000,2020-09-30T03:00:00+0800,18,,,,18,29,2900,1011.9,121,P Cloudy,Partly Cloudy,Partly Cloudy,12,rain,0.0,95,1,0.0,Partly,Cloudy,,18,Low,0,0.0,0,10.0,18,36,NE,5,wx1600
121,fod_long_range_hourly,33,N,17,Wednesday,1600973789,1601409600,2020-09-30T04:00:00+0800,18,,,,18,29,2900,1012.0,122,P Cloudy,Partly Cloudy,Partly Cloudy,12,rain,0.0,95,1,0.0,Partly,Cloudy,,18,Low,0,0.0,0,9.0,18,45,NE,5,wx1600
122,fod_long_range_hourly,30,N,17,Wednesday,1600973789,1601413200,2020-09-30T05:00:00+0800,17,,,,17,29,2900,1012.2,123,P Cloudy,Partly Cloudy,Partly Cloudy,8,rain,0.0,96,1,0.0,Partly,Cloudy,,17,Low,0,0.0,0,9.0,17,48,NE,6,wx1600
123,fod_long_range_hourly,26,N,17,Wednesday,1600973789,1601416800,2020-09-30T06:00:00+0800,17,,,,17,33,3300,1012.57,124,M Clear,Mostly Clear,Mostly Clear,8,rain,0.0,96,1,0.0,Mostly,Clear,,17,Low,0,0.0,0,11.0,17,54,NE,6,wx1500
124,fod_long_range_hourly,21,D,17,Wednesday,1600973789,1601420400,2020-09-30T07:00:00+0800,18,Very Good,9.0,,18,34,3400,1013.1,125,M Sunny,Mostly Sunny,Mostly Sunny,7,rain,0.0,93,1,0.0,Mostly,Sunny,,18,Low,0,0.22,0,14.0,18,61,ENE,6,wx1000
125,fod_long_range_hourly,19,D,17,Wednesday,1600973789,1601424000,2020-09-30T08:00:00+0800,20,Very Good,9.0,,20,32,3200,1013.5,126,Sunny,Sunny,Sunny,5,rain,0.0,86,1,0.0,Sunny,,,20,Low,1,1.19,0,16.0,20,58,ENE,7,wx1000
126,fod_long_range_hourly,23,D,17,Wednesday,1600973789,1601427600,2020-09-30T09:00:00+0800,22,Excellent,10.0,,22,34,3400,1013.5,127,M Sunny,Mostly Sunny,Mostly Sunny,4,rain,0.0,76,1,0.0,Mostly,Sunny,,22,Moderate,3,2.92,0,16.0,22,59,ENE,8,wx1000
127,fod_long_range_hourly,29,D,17,Wednesday,1600973789,1601431200,2020-09-30T10:00:00+0800,23,Excellent,10.0,,23,34,3400,1013.2,128,M Sunny,Mostly Sunny,Mostly Sunny,2,rain,0.0,67,1,0.0,Mostly,Sunny,,23,Moderate,5,4.94,0,16.0,23,76,ENE,9,wx1000
128,fod_long_range_hourly,34,D,16,Wednesday,1600973789,1601434800,2020-09-30T11:00:00+0800,25,Excellent,10.0,,25,30,3000,1012.8,129,P Cloudy,Partly Cloudy,Partly Cloudy,4,rain,0.0,60,1,0.0,Partly,Cloudy,,24,High,7,6.6,0,16.0,24,69,ENE,10,wx1100
129,fod_long_range_hourly,39,D,15,Wednesday,1600973789,1601438400,2020-09-30T12:00:00+0800,27,Very Good,9.0,,27,30,3000,1012.3,130,P Cloudy,Partly Cloudy,Partly Cloudy,3,rain,0.0,54,1,0.0,Partly,Cloudy,,25,High,7,7.27,0,16.0,25,54,NE,10,wx1100
130,fod_long_range_hourly,43,D,15,Wednesday,1600973789,1601442000,2020-09-30T13:00:00+0800,27,Very Good,9.0,,27,30,3000,1011.6,131,P Cloudy,Partly Cloudy,Partly Cloudy,2,rain,0.0,50,1,0.0,Partly,Cloudy,,26,High,7,6.66,0,16.0,26,62,ENE,10,wx1100
131,fod_long_range_hourly,47,D,15,Wednesday,1600973789,1601445600,2020-09-30T14:00:00+0800,27,Very Good,9.0,,27,30,3000,1011.2,132,P Cloudy,Partly Cloudy,Partly Cloudy,0,rain,0.0,49,1,0.0,Partly,Cloudy,,26,Moderate,5,5.03,0,16.0,26,49,NE,10,wx1100
132,fod_long_range_hourly,48,D,15,Wednesday,1600973789,1601449200,2020-09-30T15:00:00+0800,27,Very Good,9.0,,27,30,3000,1010.9,133,P Cloudy,Partly Cloudy,Partly Cloudy,0,rain,0.0,50,1,0.0,Partly,Cloudy,,26,Moderate,3,3.0,0,16.0,26,51,NE,10,wx1100
133,fod_long_range_hourly,47,D,15,Wednesday,1600973789,1601452800,2020-09-30T16:00:00+0800,27,Very Good,9.0,,27,30,3000,1010.8,134,P Cloudy,Partly Cloudy,Partly Cloudy,0,rain,0.0,51,1,0.0,Partly,Cloudy,,26,Low,1,1.25,0,16.0,26,65,ENE,10,wx1100
134,fod_long_range_hourly,45,D,15,Wednesday,1600973789,1601456400,2020-09-30T17:00:00+0800,25,Excellent,10.0,,25,30,3000,1010.8,135,P Cloudy,Partly Cloudy,Partly Cloudy,0,rain,0.0,55,1,0.0,Partly,Cloudy,,25,Low,0,0.25,0,16.0,25,77,ENE,9,wx1100
135,fod_long_range_hourly,39,N,15,Wednesday,1600973789,1601460000,2020-09-30T18:00:00+0800,23,,,,23,29,2900,1011.1,136,P Cloudy,Partly Cloudy,Partly Cloudy,1,rain,0.0,61,1,0.0,Partly,Cloudy,,23,Low,0,0.0,0,16.0,23,108,ESE,8,wx1600
136,fod_long_range_hourly,30,N,15,Wednesday,1600973789,1601463600,2020-09-30T19:00:00+0800,22,,,,22,29,2900,1011.4,137,P Cloudy,Partly Cloudy,Partly Cloudy,2,rain,0.0,67,1,0.0,Partly,Cloudy,,22,Low,0,0.0,0,16.0,22,119,ESE,7,wx1600
137,fod_long_range_hourly,24,N,15,Wednesday,1600973789,1601467200,2020-09-30T20:00:00+0800,21,,,,21,33,3300,1011.6,138,M Clear,Mostly Clear,Mostly Clear,2,rain,0.0,72,1,0.0,Mostly,Clear,,21,Low,0,0.0,0,16.0,21,131,SE,6,wx1500
138,fod_long_range_hourly,20,N,15,Wednesday,1600973789,1601470800,2020-09-30T21:00:00+0800,20,,,,20,33,3300,1011.6,139,M Clear,Mostly Clear,Mostly Clear,3,rain,0.0,76,1,0.0,Mostly,Clear,,20,Low,0,0.0,0,16.0,20,126,SE,6,wx1500
139,fod_long_range_hourly,16,N,15,Wednesday,1600973789,1601474400,2020-09-30T22:00:00+0800,19,,,,19,31,3100,1011.7,140,Clear,Clear,Clear,4,rain,0.0,77,1,0.0,Clear,,,19,Low,0,0.0,0,16.0,19,139,SE,6,wx1500
140,fod_long_range_hourly,15,N,15,Wednesday,1600973789,1601478000,2020-09-30T23:00:00+0800,19,,,,19,31,3100,1011.7,141,Clear,Clear,Clear,4,rain,0.0,80,1,0.0,Clear,,,19,Low,0,0.0,0,16.0,19,141,SE,6,wx1500
141,fod_long_range_hourly,14,N,15,Thursday,1600973789,1601481600,2020-10-01T00:00:00+0800,18,,,,18,31,3100,1011.5,142,Clear,Clear,Clear,5,rain,0.0,83,1,0.0,Clear,,,18,Low,0,0.0,0,16.0,18,140,SE,6,wx1500
142,fod_long_range_hourly,15,N,15,Thursday,1600973789,1601485200,2020-10-01T01:00:00+0800,18,,,,18,31,3100,1011.3,143,Clear,Clear,Clear,5,rain,0.0,85,1,0.0,Clear,,,18,Low,0,0.0,0,15.0,18,141,SE,6,wx1500
143,fod_long_range_hourly,15,N,15,Thursday,1600973789,1601488800,2020-10-01T02:00:00+0800,17,,,,17,31,3100,1011.1,144,Clear,Clear,Clear,6,rain,0.0,86,1,0.0,Clear,,,17,Low,0,0.0,0,14.0,17,162,SSE,6,wx1500
144,fod_long_range_hourly,16,N,15,Thursday,1600973789,1601492400,2020-10-01T03:00:00+0800,17,,,,17,31,3100,1011.0,145,Clear,Clear,Clear,6,rain,0.0,87,1,0.0,Clear,,,17,Low,0,0.0,0,13.0,17,169,SSE,6,wx1500
145,fod_long_range_hourly,18,N,15,Thursday,1600973789,1601496000,2020-10-01T04:00:00+0800,17,,,,17,31,3100,1011.0,146,Clear,Clear,Clear,6,rain,0.0,89,1,0.0,Clear,,,17,Low,0,0.0,0,13.0,17,180,S,6,wx1500
146,fod_long_range_hourly,21,N,15,Thursday,1600973789,1601499600,2020-10-01T05:00:00+0800,17,,,,17,33,3300,1011.1,147,M Clear,Mostly Clear,Mostly Clear,6,rain,0.0,88,1,0.0,Mostly,Clear,,17,Low,0,0.0,0,14.0,17,173,S,6,wx1500
147,fod_long_range_hourly,22,N,15,Thursday,1600973789,1601503200,2020-10-01T06:00:00+0800,16,,,,16,33,3300,1011.4,148,M Clear,Mostly Clear,Mostly Clear,6,rain,0.0,89,1,0.0,Mostly,Clear,,16,Low,0,0.0,0,15.0,16,185,S,6,wx1500
148,fod_long_range_hourly,23,D,15,Thursday,1600973789,1601506800,2020-10-01T07:00:00+0800,18,Very Good,9.0,,18,34,3400,1011.8,149,M Sunny,Mostly Sunny,Mostly Sunny,5,rain,0.0,85,1,0.0,Mostly,Sunny,,18,Low,0,0.22,0,16.0,18,200,SSW,6,wx1000
149,fod_long_range_hourly,24,D,15,Thursday,1600973789,1601510400,2020-10-01T08:00:00+0800,19,Very Good,9.0,,19,34,3400,1012.1,150,M Sunny,Mostly Sunny,Mostly Sunny,4,rain,0.0,77,1,0.0,Mostly,Sunny,,19,Low,1,1.24,0,16.0,19,212,SSW,7,wx1000
150,fod_long_range_hourly,23,D,15,Thursday,1600973789,1601514000,2020-10-01T09:00:00+0800,21,Excellent,10.0,,21,34,3400,1012.1,151,M Sunny,Mostly Sunny,Mostly Sunny,3,rain,0.0,69,1,0.0,Mostly,Sunny,,21,Moderate,3,3.04,0,16.0,21,234,SW,8,wx1000
151,fod_long_range_hourly,23,D,15,Thursday,1600973789,1601517600,2020-10-01T10:00:00+0800,23,Excellent,10.0,,23,34,3400,1011.9,152,M Sunny,Mostly Sunny,Mostly Sunny,1,rain,0.0,61,1,0.0,Mostly,Sunny,,23,Moderate,5,5.16,0,16.0,23,233,SW,9,wx1000
152,fod_long_range_hourly,25,D,15,Thursday,1600973789,1601521200,2020-10-01T11:00:00+0800,24,Excellent,10.0,,24,34,3400,1011.6,153,M Sunny,Mostly Sunny,Mostly Sunny,2,rain,0.0,56,1,0.0,Mostly,Sunny,,24,High,7,6.9,0,16.0,24,260,W,10,wx1000
153,fod_long_range_hourly,31,D,15,Thursday,1600973789,1601524800,2020-10-01T12:00:00+0800,26,Very Good,9.0,,26,30,3000,1011.0,154,P Cloudy,Partly Cloudy,Partly Cloudy,2,rain,0.0,52,1,0.0,Partly,Cloudy,,25,Very High,8,7.59,0,16.0,25,276,W,10,wx1100
154,fod_long_range_hourly,39,D,14,Thursday,1600973789,1601528400,2020-10-01T13:00:00+0800,27,Very Good,9.0,,27,30,3000,1010.4,155,P Cloudy,Partly Cloudy,Partly Cloudy,2,rain,0.0,48,1,0.0,Partly,Cloudy,,26,High,7,6.94,0,16.0,26,283,WNW,11,wx1100
155,fod_long_range_hourly,46,D,14,Thursday,1600973789,1601532000,2020-10-01T14:00:00+0800,27,Very Good,9.0,,27,30,3000,1010.0,156,P Cloudy,Partly Cloudy,Partly Cloudy,0,rain,0.0,47,1,0.0,Partly,Cloudy,,26,Moderate,5,5.23,0,16.0,26,292,WNW,11,wx1100
156,fod_long_range_hourly,52,D,14,Thursday,1600973789,1601535600,2020-10-01T15:00:00+0800,27,Very Good,9.0,,27,30,3000,1009.8,157,P Cloudy,Partly Cloudy,Partly Cloudy,0,rain,0.0,47,1,0.0,Partly,Cloudy,,26,Moderate,3,2.86,0,16.0,26,301,WNW,10,wx1100
157,fod_long_range_hourly,58,D,14,Thursday,1600973789,1601539200,2020-10-01T16:00:00+0800,26,Very Good,9.0,,26,30,3000,1009.8,158,P Cloudy,Partly Cloudy,Partly Cloudy,0,rain,0.0,48,1,0.0,Partly,Cloudy,,26,Low,1,1.18,0,16.0,26,304,NW,10,wx1100
158,fod_long_range_hourly,59,D,14,Thursday,1600973789,1601542800,2020-10-01T17:00:00+0800,25,Excellent,10.0,,25,30,3000,1009.9,159,P Cloudy,Partly Cloudy,Partly Cloudy,2,rain,0.0,51,1,0.0,Partly,Cloudy,,25,Low,0,0.23,0,16.0,25,306,NW,8,wx1100
159,fod_long_range_hourly,55,N,14,Thursday,1600973789,1601546400,2020-10-01T18:00:00+0800,23,,,,23,29,2900,1010.3,160,P Cloudy,Partly Cloudy,Partly Cloudy,2,rain,0.0,57,1,0.0,Partly,Cloudy,,23,Low,0,0.0,0,16.0,23,312,NW,8,wx1600
160,fod_long_range_hourly,48,N,14,Thursday,1600973789,1601550000,2020-10-01T19:00:00+0800,22,,,,22,29,2900,1010.8,161,P Cloudy,Partly Cloudy,Partly Cloudy,3,rain,0.0,62,1,0.0,Partly,Cloudy,,22,Low,0,0.0,0,16.0,22,314,NW,7,wx1600
161,fod_long_range_hourly,45,N,14,Thursday,1600973789,1601553600,2020-10-01T20:00:00+0800,21,,,,21,29,2900,1011.2,162,P Cloudy,Partly Cloudy,Partly Cloudy,1,rain,0.0,66,1,0.0,Partly,Cloudy,,21,Low,0,0.0,0,16.0,21,315,NW,6,wx1600
162,fod_long_range_hourly,45,N,14,Thursday,1600973789,1601557200,2020-10-01T21:00:00+0800,20,,,,20,29,2900,1011.6,163,P Cloudy,Partly Cloudy,Partly Cloudy,2,rain,0.0,70,1,0.0,Partly,Cloudy,,20,Low,0,0.0,0,16.0,20,344,NNW,6,wx1600
163,fod_long_range_hourly,46,N,14,Thursday,1600973789,1601560800,2020-10-01T22:00:00+0800,19,,,,19,29,2900,1011.9,164,P Cloudy,Partly Cloudy,Partly Cloudy,2,rain,0.0,72,1,0.0,Partly,Cloudy,,19,Low,0,0.0,0,16.0,19,0,N,6,wx1600
164,fod_long_range_hourly,47,N,13,Thursday,1600973789,1601564400,2020-10-01T23:00:00+0800,19,,,,19,29,2900,1012.1,165,P Cloudy,Partly Cloudy,Partly Cloudy,6,rain,0.0,70,1,0.0,Partly,Cloudy,,19,Low,0,0.0,0,16.0,19,353,N,6,wx1600
165,fod_long_range_hourly,49,N,13,Friday,1600973789,1601568000,2020-10-02T00:00:00+0800,18,,,,18,29,2900,1012.25,166,P Cloudy,Partly Cloudy,Partly Cloudy,6,rain,0.0,71,1,0.0,Partly,Cloudy,,18,Low,0,0.0,0,16.0,18,6,N,6,wx1600
166,fod_long_range_hourly,50,N,12,Friday,1600973789,1601571600,2020-10-02T01:00:00+0800,18,,,,18,29,2900,1012.3,167,P Cloudy,Partly Cloudy,Partly Cloudy,6,rain,0.0,72,1,0.0,Partly,Cloudy,,18,Low,0,0.0,0,16.0,18,5,N,7,wx1600
167,fod_long_range_hourly,51,N,12,Friday,1600973789,1601575200,2020-10-02T02:00:00+0800,17,,,,17,29,2900,1012.35,168,P Cloudy,Partly Cloudy,Partly Cloudy,9,rain,0.0,72,1,0.0,Partly,Cloudy,,17,Low,0,0.0,0,16.0,17,4,N,9,wx1600
168,fod_long_range_hourly,52,N,12,Friday,1600973789,1601578800,2020-10-02T03:00:00+0800,17,,,,17,29,2900,1012.55,169,P Cloudy,Partly Cloudy,Partly Cloudy,10,rain,0.0,72,1,0.0,Partly,Cloudy,,17,Low,0,0.0,0,16.0,17,10,N,10,wx1600
169,fod_long_range_hourly,53,N,12,Friday,1600973789,1601582400,2020-10-02T04:00:00+0800,16,,,,17,29,2900,1012.8,170,P Cloudy,Partly Cloudy,Partly Cloudy,10,rain,0.0,74,1,0.0,Partly,Cloudy,,17,Low,0,0.0,0,16.0,16,18,NNE,10,wx1600
170,fod_long_range_hourly,55,N,12,Friday,1600973789,1601586000,2020-10-02T05:00:00+0800,16,,,,16,29,2900,1013.1,171,P Cloudy,Partly Cloudy,Partly Cloudy,13,rain,0.0,75,1,0.0,Partly,Cloudy,,16,Low,0,0.0,0,16.0,16,25,NNE,10,wx1600
171,fod_long_range_hourly,57,N,12,Friday,1600973789,1601589600,2020-10-02T06:00:00+0800,16,,,,16,29,2900,1013.58,172,P Cloudy,Partly Cloudy,Partly Cloudy,13,rain,0.0,77,1,0.0,Partly,Cloudy,,16,Low,0,0.0,0,16.0,16,36,NE,10,wx1600
172,fod_long_range_hourly,58,D,12,Friday,1600973789,1601593200,2020-10-02T07:00:00+0800,17,Very Good,8.0,,17,30,3000,1014.15,173,P Cloudy,Partly Cloudy,Partly Cloudy,12,rain,0.0,74,1,0.0,Partly,Cloudy,,17,Low,0,0.21,0,16.0,17,45,NE,9,wx1100
173,fod_long_range_hourly,60,D,12,Friday,1600973789,1601596800,2020-10-02T08:00:00+0800,18,Very Good,9.0,,18,28,2800,1014.6,174,M Cloudy,Mostly Cloudy,Mostly Cloudy,7,rain,0.0,68,1,0.0,Mostly,Cloudy,,18,Low,1,1.12,0,16.0,18,50,NE,10,wx1200
174,fod_long_range_hourly,63,D,12,Friday,1600973789,1601600400,2020-10-02T09:00:00+0800,20,Very Good,9.0,,20,28,2800,1014.8,175,M Cloudy,Mostly Cloudy,Mostly Cloudy,6,rain,0.0,61,1,0.0,Mostly,Cloudy,,20,Low,2,2.4,0,16.0,20,50,NE,11,wx1200
175,fod_long_range_hourly,68,D,12,Friday,1600973789,1601604000,2020-10-02T10:00:00+0800,21,Excellent,10.0,,21,28,2800,1014.73,176,M Cloudy,Mostly Cloudy,Mostly Cloudy,5,rain,0.0,54,1,0.0,Mostly,Cloudy,,21,Moderate,4,4.08,0,16.0,21,59,ENE,12,wx1200
176,fod_long_range_hourly,72,D,11,Friday,1600973789,1601607600,2020-10-02T11:00:00+0800,22,Excellent,10.0,,22,28,2800,1014.5,177,M Cloudy,Mostly Cloudy,Mostly Cloudy,11,rain,0.0,50,1,0.0,Mostly,Cloudy,,22,Moderate,5,5.45,0,16.0,22,46,NE,13,wx1200
177,fod_long_range_hourly,75,D,11,Friday,1600973789,1601611200,2020-10-02T12:00:00+0800,23,Excellent,10.0,,23,28,2800,1014.1,178,M Cloudy,Mostly Cloudy,Mostly Cloudy,8,rain,0.0,47,1,0.0,Mostly,Cloudy,,23,Moderate,5,4.8,0,16.0,23,41,NE,13,wx1200
178,fod_long_range_hourly,79,D,11,Friday,1600973789,1601614800,2020-10-02T13:00:00+0800,23,Excellent,10.0,,23,28,2800,1013.6,179,M Cloudy,Mostly Cloudy,Mostly Cloudy,5,rain,0.0,46,1,0.0,Mostly,Cloudy,,23,Moderate,4,4.38,0,16.0,23,43,NE,13,wx1200
179,fod_long_range_hourly,81,D,11,Friday,1600973789,1601618400,2020-10-02T14:00:00+0800,23,Excellent,10.0,,23,26,2600,1013.4,180,Cloudy,Cloudy,Cloudy,17,rain,0.0,46,1,0.0,Cloudy,,,23,Moderate,3,3.29,0,16.0,23,35,NE,13,wx1200
180,fod_long_range_hourly,82,D,12,Friday,1600973789,1601622000,2020-10-02T15:00:00+0800,23,Good,7.0,,23,11,4600,1013.5,181,Few Showers,Few Showers,Few Showers,30,rain,0.2,48,1,0.0,Few,Showers,,23,Low,2,1.95,0,16.0,23,28,NNE,13,wx2000
181,fod_long_range_hourly,84,D,12,Friday,1600973789,1601625600,2020-10-02T16:00:00+0800,22,Good,7.0,,22,11,1100,1013.7,182,Showers,Showers,Showers,42,rain,0.3,52,1,0.0,Showers,,,22,Low,1,0.8,0,10.0,22,23,NNE,12,wx2500
182,fod_long_range_hourly,85,D,13,Friday,1600973789,1601629200,2020-10-02T17:00:00+0800,21,Good,7.0,,21,11,1100,1013.95,183,Showers,Showers,Showers,51,rain,0.7,58,1,0.0,Showers,,,21,Low,0,0.15,0,10.0,21,17,NNE,10,wx2500
183,fod_long_range_hourly,87,N,13,Friday,1600973789,1601632800,2020-10-02T18:00:00+0800,20,,,,20,11,1100,1014.2,184,Showers,Showers,Showers,58,rain,0.6,65,1,0.0,Showers,,,20,Low,0,0.0,0,10.0,20,23,NNE,10,wx2500
184,fod_long_range_hourly,88,N,14,Friday,1600973789,1601636400,2020-10-02T19:00:00+0800,19,,,,19,11,1201,1014.45,185,Light Rain,Light Rain,Light Rain,60,rain,0.45,71,1,0.0,Light,Rain,,19,Low,0,0.0,0,10.0,19,35,NE,10,wx2500
185,fod_long_range_hourly,89,N,14,Friday,1600973789,1601640000,2020-10-02T20:00:00+0800,18,,,,18,11,1100,1014.65,186,Showers,Showers,Showers,52,rain,0.4,76,1,0.0,Showers,,,18,Low,0,0.0,0,10.0,18,40,NE,9,wx2500
186,fod_long_range_hourly,90,N,14,Friday,1600973789,1601643600,2020-10-02T21:00:00+0800,18,,,,18,11,1100,1014.8,187,Showers,Showers,Showers,56,rain,0.6,78,1,0.0,Showers,,,18,Low,0,0.0,0,10.0,18,41,NE,10,wx2500
187,fod_long_range_hourly,90,N,14,Friday,1600973789,1601647200,2020-10-02T22:00:00+0800,17,,,,17,11,1100,1014.9,188,Showers,Showers,Showers,59,rain,0.8,80,1,0.0,Showers,,,17,Low,0,0.0,0,10.0,17,45,NE,10,wx2500
188,fod_long_range_hourly,100,N,14,Friday,1600973789,1601650800,2020-10-02T23:00:00+0800,17,,,,17,12,1200,1014.95,189,Rain,Rain,Rain,60,rain,0.9,80,1,0.0,Rain,,,17,Low,0,0.0,0,4.8,17,37,NE,11,wx2500
189,fod_long_range_hourly,100,N,14,Saturday,1600973789,1601654400,2020-10-03T00:00:00+0800,17,,,,17,12,1200,1014.95,190,Rain,Rain,Rain,60,rain,1.05,83,1,0.0,Rain,,,17,Low,0,0.0,0,4.8,17,45,NE,11,wx2500
190,fod_long_range_hourly,100,N,14,Saturday,1600973789,1601658000,2020-10-03T01:00:00+0800,16,,,,17,12,1200,1014.92,191,Rain,Rain,Rain,60,rain,1.15,86,1,0.0,Rain,,,17,Low,0,0.0,0,4.8,16,47,NE,11,wx2500
191,fod_long_range_hourly,100,N,14,Saturday,1600973789,1601661600,2020-10-03T02:00:00+0800,16,,,,16,12,1200,1014.9,192,Rain,Rain,Rain,60,rain,0.8,88,1,0.0,Rain,,,16,Low,0,0.0,0,4.8,16,43,NE,11,wx2500
192,fod_long_range_hourly,100,N,14,Saturday,1600973789,1601665200,2020-10-03T03:00:00+0800,16,,,,16,12,1200,1015.0,193,Rain,Rain,Rain,60,rain,0.75,88,1,0.0,Rain,,,16,Low,0,0.0,0,4.8,16,40,NE,11,wx2500
193,fod_long_range_hourly,100,N,14,Saturday,1600973789,1601668800,2020-10-03T04:00:00+0800,15,,,,16,12,1200,1015.05,194,Rain,Rain,Rain,60,rain,0.7,90,1,0.0,Rain,,,16,Low,0,0.0,0,4.8,15,48,NE,11,wx2500
194,fod_long_range_hourly,100,N,14,Saturday,1600973789,1601672400,2020-10-03T05:00:00+0800,15,,,,15,12,1200,1015.2,195,Rain,Rain,Rain,60,rain,0.9,91,1,0.0,Rain,,,15,Low,0,0.0,0,4.8,15,50,NE,12,wx2500
195,fod_long_range_hourly,93,N,14,Saturday,1600973789,1601676000,2020-10-03T06:00:00+0800,15,,,,15,11,1201,1015.45,196,Light Rain,Light Rain,Light Rain,60,rain,0.6,93,1,0.0,Light,Rain,,15,Low,0,0.0,0,10.0,15,50,NE,11,wx2500
196,fod_long_range_hourly,93,D,14,Saturday,1600973789,1601679600,2020-10-03T07:00:00+0800,15,Fair,5.0,,15,11,1201,1015.8,197,Light Rain,Light Rain,Light Rain,60,rain,0.42,92,1,0.0,Light,Rain,,15,Low,0,0.1,0,10.0,15,48,NE,11,wx2500
197,fod_long_range_hourly,93,D,14,Saturday,1600973789,1601683200,2020-10-03T08:00:00+0800,16,Fair,5.0,,16,11,1100,1016.05,198,Showers,Showers,Showers,59,rain,0.4,89,1,0.0,Showers,,,16,Low,1,0.53,0,10.0,16,43,NE,12,wx2500
198,fod_long_range_hourly,94,D,14,Saturday,1600973789,1601686800,2020-10-03T09:00:00+0800,17,Good,6.0,,17,11,1201,1016.1,199,Light Rain,Light Rain,Light Rain,60,rain,0.5,83,1,0.0,Light,Rain,,17,Low,1,1.3,0,10.0,17,37,NE,13,wx2500
199,fod_long_range_hourly,100,D,14,Saturday,1600973789,1601690400,2020-10-03T10:00:00+0800,17,Poor,3.0,,18,12,1200,1016.05,200,Rain,Rain,Rain,60,rain,0.7,79,1,0.0,Rain,,,18,Low,2,2.22,0,4.8,17,43,NE,13,wx2500
200,fod_long_range_hourly,100,D,14,Saturday,1600973789,1601694000,2020-10-03T11:00:00+0800,18,Poor,3.0,,18,12,1200,1015.9,201,Rain,Rain,Rain,60,rain,1.0,77,1,0.0,Rain,,,18,Moderate,3,2.96,0,4.8,18,30,NNE,14,wx2500
201,fod_long_range_hourly,100,D,14,Saturday,1600973789,1601697600,2020-10-03T12:00:00+0800,18,Poor,3.0,,18,12,1200,1015.7,202,Rain,Rain,Rain,60,rain,1.0,75,1,0.0,Rain,,,18,Moderate,3,3.26,0,4.8,18,24,NNE,14,wx2500
202,fod_long_range_hourly,100,D,14,Saturday,1600973789,1601701200,2020-10-03T13:00:00+0800,18,Poor,3.0,,18,12,1200,1015.5,203,Rain,Rain,Rain,60,rain,0.96,74,1,0.0,Rain,,,18,Moderate,3,2.97,0,4.8,18,27,NNE,14,wx2500
203,fod_long_range_hourly,100,D,14,Saturday,1600973789,1601704800,2020-10-03T14:00:00+0800,18,Poor,3.0,27.0,18,12,1200,1015.45,204,Rain,Rain,Rain,60,rain,1.0,74,1,0.0,Rain,,,18,Low,2,2.23,0,4.8,18,19,NNE,15,wx2500
204,fod_long_range_hourly,100,D,13,Saturday,1600973789,1601708400,2020-10-03T15:00:00+0800,18,Poor,3.0,27.0,18,12,1200,1015.53,205,Rain,Rain,Rain,60,rain,1.0,74,1,0.0,Rain,,,18,Low,1,1.31,0,4.8,18,18,NNE,15,wx2500
205,fod_long_range_hourly,100,D,13,Saturday,1600973789,1601712000,2020-10-03T16:00:00+0800,18,Poor,3.0,27.0,18,12,1200,1015.7,206,Rain,Rain,Rain,60,rain,1.0,73,1,0.0,Rain,,,18,Low,1,0.53,0,4.8,18,18,NNE,15,wx2500
206,fod_long_range_hourly,95,D,13,Saturday,1600973789,1601715600,2020-10-03T17:00:00+0800,18,Good,6.0,,18,11,1100,1015.93,207,Showers,Showers,Showers,52,rain,0.9,74,1,0.0,Showers,,,18,Low,0,0.1,0,10.0,18,16,NNE,13,wx2500
207,fod_long_range_hourly,94,N,14,Saturday,1600973789,1601719200,2020-10-03T18:00:00+0800,17,,,,17,11,1100,1016.25,208,Showers,Showers,Showers,53,rain,0.6,79,1,0.0,Showers,,,17,Low,0,0.0,0,10.0,17,14,NNE,12,wx2500
208,fod_long_range_hourly,94,N,14,Saturday,1600973789,1601722800,2020-10-03T19:00:00+0800,16,,,,17,11,1100,1016.6,209,Showers,Showers,Showers,52,rain,0.32,85,1,0.0,Showers,,,17,Low,0,0.0,0,10.0,16,12,N,11,wx2500
209,fod_long_range_hourly,93,N,14,Saturday,1600973789,1601726400,2020-10-03T20:00:00+0800,16,,,,16,11,1100,1016.88,210,Showers,Showers,Showers,40,rain,0.2,87,1,0.0,Showers,,,16,Low,0,0.0,0,10.0,16,6,N,10,wx2500
210,fod_long_range_hourly,90,N,14,Saturday,1600973789,1601730000,2020-10-03T21:00:00+0800,16,,,,16,11,1100,1017.1,211,Showers,Showers,Showers,39,rain,0.2,89,1,0.0,Showers,,,16,Low,0,0.0,0,10.0,16,5,N,10,wx2500
211,fod_long_range_hourly,86,N,14,Saturday,1600973789,1601733600,2020-10-03T22:00:00+0800,15,,,,16,11,1100,1017.3,212,Showers,Showers,Showers,37,rain,0.15,91,1,0.0,Showers,,,16,Low,0,0.0,0,10.0,15,3,N,9,wx2500
212,fod_long_range_hourly,81,N,14,Saturday,1600973789,1601737200,2020-10-03T23:00:00+0800,15,,,,16,11,4600,1017.43,213,Few Showers,Few Showers,Few Showers,30,rain,0.1,90,1,0.0,Few,Showers,,16,Low,0,0.0,0,12.0,15,358,N,10,wx2000
213,fod_long_range_hourly,76,N,14,Sunday,1600973789,1601740800,2020-10-04T00:00:00+0800,15,,,,15,27,2700,1017.5,214,M Cloudy,Mostly Cloudy,Mostly Cloudy,24,rain,0.0,90,1,0.0,Mostly,Cloudy,,15,Low,0,0.0,0,12.0,15,359,N,10,wx1200
214,fod_long_range_hourly,71,N,13,Sunday,1600973789,1601744400,2020-10-04T01:00:00+0800,14,,,,15,27,2700,1017.58,215,M Cloudy,Mostly Cloudy,Mostly Cloudy,24,rain,0.0,91,1,0.0,Mostly,Cloudy,,15,Low,0,0.0,0,13.0,14,0,N,10,wx1200
215,fod_long_range_hourly,67,N,13,Sunday,1600973789,1601748000,2020-10-04T02:00:00+0800,14,,,,14,11,4600,1017.66,216,Few Showers,Few Showers,Few Showers,32,rain,0.1,90,1,0.0,Few,Showers,,14,Low,0,0.0,0,13.0,14,358,N,11,wx2000
216,fod_long_range_hourly,64,N,12,Sunday,1600973789,1601751600,2020-10-04T03:00:00+0800,13,,,,14,11,4600,1017.83,217,Few Showers,Few Showers,Few Showers,32,rain,0.1,88,1,0.0,Few,Showers,,14,Low,0,0.0,0,13.0,13,359,N,11,wx2000
217,fod_long_range_hourly,60,N,12,Sunday,1600973789,1601755200,2020-10-04T04:00:00+0800,13,,,,14,11,4600,1018.1,218,Few Showers,Few Showers,Few Showers,32,rain,0.2,90,1,0.0,Few,Showers,,14,Low,0,0.0,0,14.0,13,1,N,11,wx2000
218,fod_long_range_hourly,57,N,11,Sunday,1600973789,1601758800,2020-10-04T05:00:00+0800,12,,,,13,11,4600,1018.4,219,Few Showers,Few Showers,Few Showers,32,rain,0.2,89,1,0.0,Few,Showers,,13,Low,0,0.0,0,15.0,12,8,N,11,wx2050
219,fod_long_range_hourly,59,N,11,Sunday,1600973789,1601762400,2020-10-04T06:00:00+0800,12,,,,13,11,4600,1018.8,220,Few Showers,Few Showers,Few Showers,32,rain,0.2,89,1,0.0,Few,Showers,,13,Low,0,0.0,0,15.0,12,14,NNE,11,wx2050
220,fod_long_range_hourly,63,D,12,Sunday,1600973789,1601766000,2020-10-04T07:00:00+0800,13,Fair,4.0,,14,11,4600,1019.2,221,Few Showers,Few Showers,Few Showers,32,rain,0.2,86,1,0.0,Few,Showers,,14,Low,0,0.17,0,16.0,13,17,NNE,12,wx2000
221,fod_long_range_hourly,69,D,12,Sunday,1600973789,1601769600,2020-10-04T08:00:00+0800,14,Fair,5.0,,15,11,1100,1019.63,222,Showers,Showers,Showers,44,rain,0.2,79,1,0.0,Showers,,,15,Low,1,0.94,0,10.0,14,20,NNE,13,wx2500
222,fod_long_range_hourly,86,D,13,Sunday,1600973789,1601773200,2020-10-04T09:00:00+0800,17,Good,6.0,,17,11,1100,1018.33,223,Showers,Showers,Showers,43,rain,0.2,75,1,0.0,Showers,,,17,Low,2,1.87,0,10.0,17,19,NNE,13,wx2500
223,fod_long_range_hourly,87,D,12,Sunday,1600973789,1601776800,2020-10-04T10:00:00+0800,18,Good,6.0,,18,11,1100,1018.2,224,Showers,Showers,Showers,41,rain,0.2,68,1,0.0,Showers,,,18,Moderate,3,3.19,0,10.0,18,24,NNE,14,wx2500
224,fod_long_range_hourly,87,D,12,Sunday,1600973789,1601780400,2020-10-04T11:00:00+0800,19,Good,6.0,,19,11,1100,1018.0,225,Showers,Showers,Showers,40,rain,0.2,65,1,0.0,Showers,,,19,Moderate,4,4.26,0,10.0,19,15,NNE,14,wx2500
225,fod_long_range_hourly,88,D,12,Sunday,1600973789,1601784000,2020-10-04T12:00:00+0800,19,Good,6.0,,19,11,1100,1017.63,226,Showers,Showers,Showers,39,rain,0.2,62,1,0.0,Showers,,,19,Moderate,3,3.21,0,10.0,19,13,NNE,14,wx2500
226,fod_long_range_hourly,88,D,12,Sunday,1600973789,1601787600,2020-10-04T13:00:00+0800,20,Good,6.0,,20,11,1100,1017.28,227,Showers,Showers,Showers,38,rain,0.2,60,1,0.0,Showers,,,20,Moderate,3,2.93,0,10.0,20,16,NNE,14,wx2500
227,fod_long_range_hourly,88,D,11,Sunday,1600973789,1601791200,2020-10-04T14:00:00+0800,20,Good,6.0,,20,11,1100,1017.08,228,Showers,Showers,Showers,41,rain,0.2,58,1,0.0,Showers,,,20,Low,2,2.19,0,10.0,20,9,N,14,wx2500
228,fod_long_range_hourly,89,D,11,Sunday,1600973789,1601794800,2020-10-04T15:00:00+0800,20,Good,6.0,,20,11,1100,1017.1,229,Showers,Showers,Showers,41,rain,0.2,58,1,0.0,Showers,,,20,Low,1,1.29,0,10.0,20,7,N,13,wx2500
229,fod_long_range_hourly,90,D,11,Sunday,1600973789,1601798400,2020-10-04T16:00:00+0800,20,Good,6.0,,20,11,1100,1017.2,230,Showers,Showers,Showers,42,rain,0.2,58,1,0.0,Showers,,,20,Low,1,0.52,0,10.0,20,8,N,13,wx2500
230,fod_long_range_hourly,90,D,11,Sunday,1600973789,1601802000,2020-10-04T17:00:00+0800,19,Good,6.0,,19,11,1100,1017.4,231,Showers,Showers,Showers,42,rain,0.2,61,1,0.0,Showers,,,19,Low,0,0.09,0,10.0,19,4,N,11,wx2500
231,fod_long_range_hourly,87,N,12,Sunday,1600973789,1601805600,2020-10-04T18:00:00+0800,18,,,,18,11,1100,1017.7,232,Showers,Showers,Showers,43,rain,0.2,66,1,0.0,Showers,,,18,Low,0,0.0,0,10.0,18,3,N,10,wx2500
232,fod_long_range_hourly,81,N,12,Sunday,1600973789,1601809200,2020-10-04T19:00:00+0800,17,,,,17,11,1100,1018.0,233,Showers,Showers,Showers,43,rain,0.2,73,1,0.0,Showers,,,17,Low,0,0.0,0,10.0,17,3,N,9,wx2500
233,fod_long_range_hourly,76,N,12,Sunday,1600973789,1601812800,2020-10-04T20:00:00+0800,16,,,,16,11,1100,1018.2,234,Showers,Showers,Showers,35,rain,0.2,76,1,0.0,Showers,,,16,Low,0,0.0,0,10.0,16,0,N,9,wx2500
234,fod_long_range_hourly,73,N,12,Sunday,1600973789,1601816400,2020-10-04T21:00:00+0800,16,,,,16,11,1100,1018.25,235,Showers,Showers,Showers,35,rain,0.2,79,1,0.0,Showers,,,16,Low,0,0.0,0,10.0,16,3,N,8,wx2500
235,fod_long_range_hourly,69,N,12,Sunday,1600973789,1601820000,2020-10-04T22:00:00+0800,15,,,,15,11,1100,1018.3,236,Showers,Showers,Showers,35,rain,0.2,81,1,0.0,Showers,,,15,Low,0,0.0,0,10.0,15,7,N,8,wx2500
236,fod_long_range_hourly,66,N,12,Sunday,1600973789,1601823600,2020-10-04T23:00:00+0800,15,,,,15,11,1100,1018.3,237,Showers,Showers,Showers,35,rain,0.15,82,1,0.0,Showers,,,15,Low,0,0.0,0,10.0,15,3,N,8,wx2500
237,fod_long_range_hourly,63,N,12,Monday,1600973789,1601827200,2020-10-05T00:00:00+0800,14,,,,15,11,1100,1018.2,238,Showers,Showers,Showers,35,rain,0.1,83,1,0.0,Showers,,,15,Low,0,0.0,0,10.0,14,6,N,8,wx2500
238,fod_long_range_hourly,62,N,12,Monday,1600973789,1601830800,2020-10-05T01:00:00+0800,14,,,,14,11,1100,1018.1,239,Showers,Showers,Showers,35,rain,0.1,83,1,0.0,Showers,,,14,Low,0,0.0,0,10.0,14,9,N,8,wx2500
239,fod_long_range_hourly,61,N,11,Monday,1600973789,1601834400,2020-10-05T02:00:00+0800,14,,,,14,11,4600,1018.1,240,Few Showers,Few Showers,Few Showers,34,rain,0.1,84,1,0.0,Few,Showers,,14,Low,0,0.0,0,16.0,14,6,N,9,wx2000
240,fod_long_range_hourly,64,N,11,Monday,1600973789,1601838000,2020-10-05T03:00:00+0800,14,,,,14,11,4600,1018.2,241,Few Showers,Few Showers,Few Showers,33,rain,0.1,83,1,0.0,Few,Showers,,14,Low,0,0.0,0,16.0,14,5,N,9,wx2000
241,fod_long_range_hourly,69,N,11,Monday,1600973789,1601841600,2020-10-05T04:00:00+0800,13,,,,14,11,4600,1018.5,242,Few Showers,Few Showers,Few Showers,32,rain,0.1,84,1,0.0,Few,Showers,,14,Low,0,0.0,0,16.0,13,6,N,8,wx2000
242,fod_long_range_hourly,73,N,11,Monday,1600973789,1601845200,2020-10-05T05:00:00+0800,13,,,,13,11,1100,1018.8,243,Showers,Showers,Showers,41,rain,0.2,83,1,0.0,Showers,,,13,Low,0,0.0,0,10.0,13,9,N,8,wx2500
243,fod_long_range_hourly,77,N,11,Monday,1600973789,1601848800,2020-10-05T06:00:00+0800,13,,,,13,11,1100,1019.13,244,Showers,Showers,Showers,43,rain,0.2,85,1,0.0,Showers,,,13,Low,0,0.0,0,10.0,13,14,NNE,8,wx2550
244,fod_long_range_hourly,81,D,11,Monday,1600973789,1601852400,2020-10-05T07:00:00+0800,13,Fair,4.0,,14,11,1100,1019.45,245,Showers,Showers,Showers,44,rain,0.2,85,1,0.0,Showers,,,14,Low,0,0.13,0,10.0,13,10,N,8,wx2500
245,fod_long_range_hourly,82,D,11,Monday,1600973789,1601856000,2020-10-05T08:00:00+0800,14,Fair,5.0,,15,11,1100,1019.7,246,Showers,Showers,Showers,50,rain,0.4,79,1,0.0,Showers,,,15,Low,1,0.74,0,10.0,14,14,NNE,9,wx2500
246,fod_long_range_hourly,82,D,11,Monday,1600973789,1601859600,2020-10-05T09:00:00+0800,15,Fair,5.0,,16,11,1100,1019.7,247,Showers,Showers,Showers,49,rain,0.3,74,1,0.0,Showers,,,16,Low,2,1.85,0,10.0,15,6,N,10,wx2500
247,fod_long_range_hourly,83,D,11,Monday,1600973789,1601863200,2020-10-05T10:00:00+0800,17,Fair,5.0,,17,11,1100,1019.5,248,Showers,Showers,Showers,47,rain,0.3,67,1,0.0,Showers,,,17,Moderate,3,3.15,0,10.0,17,10,N,11,wx2500
248,fod_long_range_hourly,83,D,10,Monday,1600973789,1601866800,2020-10-05T11:00:00+0800,17,Good,6.0,,18,11,1100,1019.18,249,Showers,Showers,Showers,46,rain,0.3,62,1,0.0,Showers,,,18,Moderate,4,4.21,0,10.0,17,357,N,12,wx2500
249,fod_long_range_hourly,83,D,10,Monday,1600973789,1601870400,2020-10-05T12:00:00+0800,18,Good,6.0,,18,11,1100,1018.7,250,Showers,Showers,Showers,46,rain,0.3,59,1,0.0,Showers,,,18,Moderate,5,4.62,0,10.0,18,3,N,12,wx2500
250,fod_long_range_hourly,84,D,10,Monday,1600973789,1601874000,2020-10-05T13:00:00+0800,19,Good,6.0,,19,11,1100,1018.3,251,Showers,Showers,Showers,47,rain,0.3,57,1,0.0,Showers,,,19,Moderate,4,4.2,0,10.0,19,11,N,12,wx2500
251,fod_long_range_hourly,84,D,10,Monday,1600973789,1601877600,2020-10-05T14:00:00+0800,19,Good,6.0,,19,11,1100,1018.1,252,Showers,Showers,Showers,38,rain,0.2,56,1,0.0,Showers,,,19,Moderate,3,3.13,0,10.0,19,4,N,12,wx2500
252,fod_long_range_hourly,84,D,10,Monday,1600973789,1601881200,2020-10-05T15:00:00+0800,19,Good,6.0,,19,11,1100,1018.2,253,Showers,Showers,Showers,36,rain,0.2,56,1,0.0,Showers,,,19,Low,2,1.83,0,10.0,19,0,N,12,wx2500
253,fod_long_range_hourly,84,D,10,Monday,1600973789,1601884800,2020-10-05T16:00:00+0800,19,Good,6.0,,19,11,4600,1018.35,254,Few Showers,Few Showers,Few Showers,34,rain,0.2,57,1,0.0,Few,Showers,,19,Low,1,0.73,0,14.0,19,356,N,11,wx2000
254,fod_long_range_hourly,85,D,10,Monday,1600973789,1601888400,2020-10-05T17:00:00+0800,18,Very Good,9.0,,18,26,2600,1018.5,255,Cloudy,Cloudy,Cloudy,24,rain,0.0,60,1,0.0,Cloudy,,,18,Low,0,0.13,0,14.0,18,345,NNW,9,wx1200
255,fod_long_range_hourly,85,N,11,Monday,1600973789,1601892000,2020-10-05T18:00:00+0800,17,,,,17,26,2600,1018.7,256,Cloudy,Cloudy,Cloudy,24,rain,0.0,66,1,0.0,Cloudy,,,17,Low,0,0.0,0,14.0,17,344,NNW,8,wx1200
256,fod_long_range_hourly,85,N,11,Monday,1600973789,1601895600,2020-10-05T19:00:00+0800,16,,,,16,26,2600,1018.88,257,Cloudy,Cloudy,Cloudy,24,rain,0.0,73,1,0.0,Cloudy,,,16,Low,0,0.0,0,13.0,16,342,NNW,8,wx1200
257,fod_long_range_hourly,85,N,11,Monday,1600973789,1601899200,2020-10-05T20:00:00+0800,15,,,,15,26,2600,1019.0,258,Cloudy,Cloudy,Cloudy,24,rain,0.0,77,1,0.0,Cloudy,,,15,Low,0,0.0,0,13.0,15,338,NNW,7,wx1200
258,fod_long_range_hourly,84,N,11,Monday,1600973789,1601902800,2020-10-05T21:00:00+0800,15,,,,15,26,2600,1019.0,259,Cloudy,Cloudy,Cloudy,24,rain,0.0,79,1,0.0,Cloudy,,,15,Low,0,0.0,0,13.0,15,355,N,6,wx1200
259,fod_long_range_hourly,83,N,11,Monday,1600973789,1601906400,2020-10-05T22:00:00+0800,14,,,,14,26,2600,1019.0,260,Cloudy,Cloudy,Cloudy,24,rain,0.0,81,1,0.0,Cloudy,,,14,Low,0,0.0,0,14.0,14,5,N,6,wx1200
260,fod_long_range_hourly,82,N,11,Monday,1600973789,1601910000,2020-10-05T23:00:00+0800,14,,,,14,26,2600,1018.9,261,Cloudy,Cloudy,Cloudy,24,rain,0.0,82,1,0.0,Cloudy,,,14,Low,0,0.0,0,14.0,14,353,N,7,wx1200
261,fod_long_range_hourly,81,N,11,Tuesday,1600973789,1601913600,2020-10-06T00:00:00+0800,14,,,,14,26,2600,1018.8,262,Cloudy,Cloudy,Cloudy,24,rain,0.0,82,1,0.0,Cloudy,,,14,Low,0,0.0,0,14.0,14,0,N,6,wx1200
262,fod_long_range_hourly,79,N,11,Tuesday,1600973789,1601917200,2020-10-06T01:00:00+0800,13,,,,14,27,2700,1018.65,263,M Cloudy,Mostly Cloudy,Mostly Cloudy,24,rain,0.0,83,1,0.0,Mostly,Cloudy,,14,Low,0,0.0,0,13.0,13,5,N,6,wx1200
263,fod_long_range_hourly,79,N,11,Tuesday,1600973789,1601920800,2020-10-06T02:00:00+0800,13,,,,13,27,2700,1018.55,264,M Cloudy,Mostly Cloudy,Mostly Cloudy,24,rain,0.0,84,1,0.0,Mostly,Cloudy,,13,Low,0,0.0,0,13.0,13,355,N,7,wx1200
264,fod_long_range_hourly,78,N,10,Tuesday,1600973789,1601924400,2020-10-06T03:00:00+0800,13,,,,13,27,2700,1018.53,265,M Cloudy,Mostly Cloudy,Mostly Cloudy,24,rain,0.0,82,1,0.0,Mostly,Cloudy,,13,Low,0,0.0,0,14.0,13,0,N,7,wx1200
265,fod_long_range_hourly,77,N,10,Tuesday,1600973789,1601928000,2020-10-06T04:00:00+0800,13,,,,13,27,2700,1018.6,266,M Cloudy,Mostly Cloudy,Mostly Cloudy,24,rain,0.0,83,1,0.0,Mostly,Cloudy,,13,Low,0,0.0,0,14.0,13,0,N,6,wx1250
266,fod_long_range_hourly,76,N,10,Tuesday,1600973789,1601931600,2020-10-06T05:00:00+0800,12,,,,13,27,2700,1018.8,267,M Cloudy,Mostly Cloudy,Mostly Cloudy,24,rain,0.0,84,1,0.0,Mostly,Cloudy,,13,Low,0,0.0,0,15.0,12,8,N,7,wx1250
267,fod_long_range_hourly,76,N,10,Tuesday,1600973789,1601935200,2020-10-06T06:00:00+0800,12,,,,13,27,2700,1019.05,268,M Cloudy,Mostly Cloudy,Mostly Cloudy,24,rain,0.0,84,1,0.0,Mostly,Cloudy,,13,Low,0,0.0,0,15.0,12,17,NNE,6,wx1250
268,fod_long_range_hourly,76,D,10,Tuesday,1600973789,1601938800,2020-10-06T07:00:00+0800,13,Good,7.0,,13,28,2800,1019.35,269,M Cloudy,Mostly Cloudy,Mostly Cloudy,24,rain,0.0,84,1,0.0,Mostly,Cloudy,,13,Low,0,0.13,0,16.0,13,10,N,6,wx1200
269,fod_long_range_hourly,76,D,11,Tuesday,1600973789,1601942400,2020-10-06T08:00:00+0800,14,Fair,5.0,,15,11,4600,1019.55,270,Few Showers,Few Showers,Few Showers,32,rain,0.1,77,1,0.0,Few,Showers,,15,Low,1,0.72,0,16.0,14,23,NNE,8,wx2000
270,fod_long_range_hourly,76,D,11,Tuesday,1600973789,1601946000,2020-10-06T09:00:00+0800,16,Fair,5.0,,16,11,4600,1019.55,271,Few Showers,Few Showers,Few Showers,32,rain,0.1,71,1,0.0,Few,Showers,,16,Low,2,1.82,0,15.0,16,14,NNE,9,wx2000
271,fod_long_range_hourly,78,D,11,Tuesday,1600973789,1601949600,2020-10-06T10:00:00+0800,17,Good,6.0,,17,11,4600,1019.4,272,Few Showers,Few Showers,Few Showers,31,rain,0.1,65,1,0.0,Few,Showers,,17,Moderate,3,3.11,0,15.0,17,24,NNE,9,wx2000
272,fod_long_range_hourly,79,D,10,Tuesday,1600973789,1601953200,2020-10-06T11:00:00+0800,18,Good,6.0,,18,11,1100,1019.1,273,Showers,Showers,Showers,40,rain,0.44,60,1,0.0,Showers,,,18,Moderate,4,4.15,0,10.0,18,359,N,9,wx2500
273,fod_long_range_hourly,80,D,10,Tuesday,1600973789,1601956800,2020-10-06T12:00:00+0800,19,Good,6.0,,19,11,1100,1018.75,274,Showers,Showers,Showers,38,rain,0.4,58,1,0.0,Showers,,,19,Moderate,5,4.56,0,10.0,19,9,N,10,wx2500
274,fod_long_range_hourly,81,D,10,Tuesday,1600973789,1601960400,2020-10-06T13:00:00+0800,19,Good,6.0,,19,11,1100,1018.45,275,Showers,Showers,Showers,38,rain,0.34,55,1,0.0,Showers,,,19,Moderate,4,4.14,0,10.0,19,17,NNE,10,wx2500
275,fod_long_range_hourly,82,D,10,Tuesday,1600973789,1601964000,2020-10-06T14:00:00+0800,19,Good,6.0,,19,11,1100,1018.35,276,Showers,Showers,Showers,35,rain,0.2,55,1,0.0,Showers,,,19,Moderate,3,3.08,0,10.0,19,10,N,11,wx2500
276,fod_long_range_hourly,83,D,10,Tuesday,1600973789,1601967600,2020-10-06T15:00:00+0800,19,Good,6.0,,19,11,1100,1018.43,277,Showers,Showers,Showers,37,rain,0.2,55,1,0.0,Showers,,,19,Low,2,1.8,0,10.0,19,17,NNE,10,wx2500
277,fod_long_range_hourly,83,D,10,Tuesday,1600973789,1601971200,2020-10-06T16:00:00+0800,19,Good,6.0,,19,11,1100,1018.6,278,Showers,Showers,Showers,38,rain,0.2,57,1,0.0,Showers,,,19,Low,1,0.71,0,10.0,19,29,NNE,10,wx2500
278,fod_long_range_hourly,83,D,11,Tuesday,1600973789,1601974800,2020-10-06T17:00:00+0800,18,Very Good,9.0,,18,26,2600,1018.9,279,Cloudy,Cloudy,Cloudy,23,rain,0.0,60,1,0.0,Cloudy,,,18,Low,0,0.12,0,14.0,18,29,NNE,9,wx1200
279,fod_long_range_hourly,83,N,11,Tuesday,1600973789,1601978400,2020-10-06T18:00:00+0800,17,,,,17,26,2600,1019.2,280,Cloudy,Cloudy,Cloudy,24,rain,0.0,67,1,0.0,Cloudy,,,17,Low,0,0.0,0,14.0,17,30,NNE,8,wx1200
280,fod_long_range_hourly,83,N,11,Tuesday,1600973789,1601982000,2020-10-06T19:00:00+0800,16,,,,16,26,2600,1019.45,281,Cloudy,Cloudy,Cloudy,24,rain,0.0,72,1,0.0,Cloudy,,,16,Low,0,0.0,0,14.0,16,51,NE,8,wx1200
281,fod_long_range_hourly,83,N,11,Tuesday,1600973789,1601985600,2020-10-06T20:00:00+0800,15,,,,15,26,2600,1019.7,282,Cloudy,Cloudy,Cloudy,24,rain,0.0,77,1,0.0,Cloudy,,,15,Low,0,0.0,0,13.0,15,63,ENE,7,wx1200
282,fod_long_range_hourly,83,N,11,Tuesday,1600973789,1601989200,2020-10-06T21:00:00+0800,15,,,,15,26,2600,1019.8,283,Cloudy,Cloudy,Cloudy,24,rain,0.0,81,1,0.0,Cloudy,,,15,Low,0,0.0,0,14.0,15,60,ENE,6,wx1200
283,fod_long_range_hourly,82,N,11,Tuesday,1600973789,1601992800,2020-10-06T22:00:00+0800,14,,,,14,26,2600,1019.9,284,Cloudy,Cloudy,Cloudy,24,rain,0.0,82,1,0.0,Cloudy,,,14,Low,0,0.0,0,14.0,14,73,ENE,6,wx1200
284,fod_long_range_hourly,81,N,11,Tuesday,1600973789,1601996400,2020-10-06T23:00:00+0800,14,,,,14,26,2600,1020.0,285,Cloudy,Cloudy,Cloudy,24,rain,0.0,84,1,0.0,Cloudy,,,14,Low,0,0.0,0,14.0,14,42,NE,6,wx1200
285,fod_long_range_hourly,79,N,11,Wednesday,1600973789,1602000000,2020-10-07T00:00:00+0800,14,,,,14,27,2700,1019.9,286,M Cloudy,Mostly Cloudy,Mostly Cloudy,24,rain,0.0,84,1,0.0,Mostly,Cloudy,,14,Low,0,0.0,0,14.0,14,50,NE,6,wx1200
286,fod_long_range_hourly,75,N,11,Wednesday,1600973789,1602003600,2020-10-07T01:00:00+0800,14,,,,14,27,2700,1019.78,287,M Cloudy,Mostly Cloudy,Mostly Cloudy,24,rain,0.0,85,1,0.0,Mostly,Cloudy,,14,Low,0,0.0,0,14.0,14,45,NE,6,wx1200
287,fod_long_range_hourly,72,N,11,Wednesday,1600973789,1602007200,2020-10-07T02:00:00+0800,13,,,,13,27,2700,1019.7,288,M Cloudy,Mostly Cloudy,Mostly Cloudy,24,rain,0.0,87,1,0.0,Mostly,Cloudy,,13,Low,0,0.0,0,15.0,13,36,NE,6,wx1200
288,fod_long_range_hourly,68,N,11,Wednesday,1600973789,1602010800,2020-10-07T03:00:00+0800,13,,,,13,27,2700,1019.8,289,M Cloudy,Mostly Cloudy,Mostly Cloudy,24,rain,0.0,85,1,0.0,Mostly,Cloudy,,13,Low,0,0.0,0,14.0,13,31,NNE,6,wx1200
289,fod_long_range_hourly,63,N,11,Wednesday,1600973789,1602014400,2020-10-07T04:00:00+0800,13,,,,13,27,2700,1019.9,290,M Cloudy,Mostly Cloudy,Mostly Cloudy,24,rain,0.0,87,1,0.0,Mostly,Cloudy,,13,Low,0,0.0,0,14.0,13,31,NNE,6,wx1250
290,fod_long_range_hourly,59,N,11,Wednesday,1600973789,1602018000,2020-10-07T05:00:00+0800,12,,,,13,29,2900,1020.15,291,P Cloudy,Partly Cloudy,Partly Cloudy,24,rain,0.0,88,1,0.0,Partly,Cloudy,,13,Low,0,0.0,0,14.0,12,36,NE,6,wx1650
291,fod_long_range_hourly,56,N,11,Wednesday,1600973789,1602021600,2020-10-07T06:00:00+0800,12,,,,13,29,2900,1020.4,292,P Cloudy,Partly Cloudy,Partly Cloudy,24,rain,0.0,88,1,0.0,Partly,Cloudy,,13,Low,0,0.0,0,15.0,12,46,NE,6,wx1650
292,fod_long_range_hourly,55,D,11,Wednesday,1600973789,1602025200,2020-10-07T07:00:00+0800,13,Good,7.0,,14,30,3000,1020.7,293,P Cloudy,Partly Cloudy,Partly Cloudy,24,rain,0.0,86,1,0.0,Partly,Cloudy,,14,Low,0,0.18,0,15.0,13,49,NE,7,wx1100
293,fod_long_range_hourly,55,D,12,Wednesday,1600973789,1602028800,2020-10-07T08:00:00+0800,15,Very Good,8.0,,15,30,3000,1020.9,294,P Cloudy,Partly Cloudy,Partly Cloudy,24,rain,0.0,80,1,0.0,Partly,Cloudy,,15,Low,1,1.02,0,16.0,15,52,NE,9,wx1100
294,fod_long_range_hourly,59,D,12,Wednesday,1600973789,1602032400,2020-10-07T09:00:00+0800,16,Very Good,8.0,,17,30,3000,1020.9,295,P Cloudy,Partly Cloudy,Partly Cloudy,23,rain,0.0,73,1,0.0,Partly,Cloudy,,17,Moderate,3,2.58,0,16.0,16,52,NE,10,wx1100
295,fod_long_range_hourly,64,D,12,Wednesday,1600973789,1602036000,2020-10-07T10:00:00+0800,18,Very Good,9.0,,18,28,2800,1020.6,296,M Cloudy,Mostly Cloudy,Mostly Cloudy,21,rain,0.0,67,1,0.0,Mostly,Cloudy,,18,Moderate,4,3.84,0,16.0,18,74,ENE,10,wx1200
296,fod_long_range_hourly,69,D,11,Wednesday,1600973789,1602039600,2020-10-07T11:00:00+0800,19,Very Good,9.0,,19,28,2800,1020.2,297,M Cloudy,Mostly Cloudy,Mostly Cloudy,18,rain,0.0,62,1,0.0,Mostly,Cloudy,,19,Moderate,5,5.13,0,16.0,19,69,ENE,11,wx1200
297,fod_long_range_hourly,73,D,11,Wednesday,1600973789,1602043200,2020-10-07T12:00:00+0800,20,Very Good,9.0,,20,28,2800,1019.75,298,M Cloudy,Mostly Cloudy,Mostly Cloudy,16,rain,0.0,58,1,0.0,Mostly,Cloudy,,20,High,6,5.62,0,16.0,20,72,ENE,11,wx1200
298,fod_long_range_hourly,76,D,11,Wednesday,1600973789,1602046800,2020-10-07T13:00:00+0800,20,Excellent,10.0,,20,28,2800,1019.3,299,M Cloudy,Mostly Cloudy,Mostly Cloudy,15,rain,0.0,57,1,0.0,Mostly,Cloudy,,20,Moderate,4,4.08,0,16.0,20,84,E,11,wx1200
299,fod_long_range_hourly,78,D,11,Wednesday,1600973789,1602050400,2020-10-07T14:00:00+0800,20,Excellent,10.0,,20,28,2800,1019.05,300,M Cloudy,Mostly Cloudy,Mostly Cloudy,24,rain,0.0,57,1,0.0,Mostly,Cloudy,,20,Moderate,3,3.03,0,16.0,20,80,E,11,wx1200
300,fod_long_range_hourly,79,D,11,Wednesday,1600973789,1602054000,2020-10-07T15:00:00+0800,20,Excellent,10.0,,20,28,2800,1019.05,301,M Cloudy,Mostly Cloudy,Mostly Cloudy,24,rain,0.0,57,1,0.0,Mostly,Cloudy,,20,Low,2,1.76,0,16.0,20,68,ENE,10,wx1200
301,fod_long_range_hourly,80,D,12,Wednesday,1600973789,1602057600,2020-10-07T16:00:00+0800,20,Very Good,9.0,,20,26,2600,1019.2,302,Cloudy,Cloudy,Cloudy,24,rain,0.0,59,1,0.0,Cloudy,,,20,Low,1,0.68,0,16.0,20,67,ENE,10,wx1200
302,fod_long_range_hourly,82,D,12,Wednesday,1600973789,1602061200,2020-10-07T17:00:00+0800,19,Very Good,9.0,,19,26,2600,1019.4,303,Cloudy,Cloudy,Cloudy,24,rain,0.0,62,1,0.0,Cloudy,,,19,Low,0,0.12,0,16.0,19,67,ENE,9,wx1200
303,fod_long_range_hourly,83,N,12,Wednesday,1600973789,1602064800,2020-10-07T18:00:00+0800,18,,,,18,26,2600,1019.7,304,Cloudy,Cloudy,Cloudy,24,rain,0.0,68,1,0.0,Cloudy,,,18,Low,0,0.0,0,16.0,18,74,ENE,8,wx1200
304,fod_long_range_hourly,84,N,13,Wednesday,1600973789,1602068400,2020-10-07T19:00:00+0800,17,,,,17,26,2600,1019.9,305,Cloudy,Cloudy,Cloudy,23,rain,0.0,76,1,0.0,Cloudy,,,17,Low,0,0.0,0,16.0,17,90,E,7,wx1200
305,fod_long_range_hourly,84,N,13,Wednesday,1600973789,1602072000,2020-10-07T20:00:00+0800,16,,,,16,26,2600,1020.1,306,Cloudy,Cloudy,Cloudy,22,rain,0.0,80,1,0.0,Cloudy,,,16,Low,0,0.0,0,16.0,16,98,E,6,wx1200
306,fod_long_range_hourly,84,N,13,Wednesday,1600973789,1602075600,2020-10-07T21:00:00+0800,16,,,,16,26,2600,1020.22,307,Cloudy,Cloudy,Cloudy,24,rain,0.0,83,1,0.0,Cloudy,,,16,Low,0,0.0,0,15.0,16,77,ENE,6,wx1200
307,fod_long_range_hourly,84,N,13,Wednesday,1600973789,1602079200,2020-10-07T22:00:00+0800,15,,,,15,11,4600,1020.3,308,Few Showers,Few Showers,Few Showers,31,rain,0.1,87,1,0.0,Few,Showers,,15,Low,0,0.0,0,15.0,15,79,ENE,6,wx2000
308,fod_long_range_hourly,83,N,13,Wednesday,1600973789,1602082800,2020-10-07T23:00:00+0800,15,,,,15,11,1100,1020.3,309,Showers,Showers,Showers,35,rain,0.1,87,1,0.0,Showers,,,15,Low,0,0.0,0,10.0,15,53,NE,6,wx2500
309,fod_long_range_hourly,82,N,13,Thursday,1600973789,1602086400,2020-10-08T00:00:00+0800,15,,,,15,11,1100,1020.2,310,Showers,Showers,Showers,37,rain,0.2,87,1,0.0,Showers,,,15,Low,0,0.0,0,10.0,15,61,ENE,6,wx2500
310,fod_long_range_hourly,82,N,13,Thursday,1600973789,1602090000,2020-10-08T01:00:00+0800,15,,,,15,11,1100,1020.05,311,Showers,Showers,Showers,39,rain,0.2,89,1,0.0,Showers,,,15,Low,0,0.0,0,10.0,15,51,NE,6,wx2500
311,fod_long_range_hourly,81,N,13,Thursday,1600973789,1602093600,2020-10-08T02:00:00+0800,15,,,,15,11,1100,1019.9,312,Showers,Showers,Showers,35,rain,0.1,89,1,0.0,Showers,,,15,Low,0,0.0,0,10.0,15,45,NE,6,wx2500
312,fod_long_range_hourly,79,N,13,Thursday,1600973789,1602097200,2020-10-08T03:00:00+0800,15,,,,15,11,1100,1019.85,313,Showers,Showers,Showers,35,rain,0.1,88,1,0.0,Showers,,,15,Low,0,0.0,0,10.0,15,43,NE,7,wx2500
313,fod_long_range_hourly,78,N,13,Thursday,1600973789,1602100800,2020-10-08T04:00:00+0800,14,,,,14,11,4600,1019.85,314,Few Showers,Few Showers,Few Showers,34,rain,0.1,91,1,0.0,Few,Showers,,14,Low,0,0.0,0,14.0,14,52,NE,7,wx2000
314,fod_long_range_hourly,76,N,13,Thursday,1600973789,1602104400,2020-10-08T05:00:00+0800,14,,,,14,11,4600,1019.9,315,Few Showers,Few Showers,Few Showers,33,rain,0.1,91,1,0.0,Few,Showers,,14,Low,0,0.0,0,14.0,14,60,ENE,7,wx2000
315,fod_long_range_hourly,75,N,13,Thursday,1600973789,1602108000,2020-10-08T06:00:00+0800,14,,,,14,11,4600,1020.2,316,Few Showers,Few Showers,Few Showers,32,rain,0.1,93,1,0.0,Few,Showers,,14,Low,0,0.0,0,14.0,14,63,ENE,7,wx2000
316,fod_long_range_hourly,73,D,13,Thursday,1600973789,1602111600,2020-10-08T07:00:00+0800,15,Fair,5.0,,15,11,4600,1020.7,317,Few Showers,Few Showers,Few Showers,31,rain,0.1,91,1,0.0,Few,Showers,,15,Low,0,0.15,0,15.0,15,64,ENE,7,wx2000
317,fod_long_range_hourly,72,D,14,Thursday,1600973789,1602115200,2020-10-08T08:00:00+0800,16,Fair,5.0,,16,11,4600,1021.0,318,Few Showers,Few Showers,Few Showers,31,rain,0.1,86,1,0.0,Few,Showers,,16,Low,1,0.87,0,15.0,16,63,ENE,9,wx2000
318,fod_long_range_hourly,72,D,14,Thursday,1600973789,1602118800,2020-10-08T09:00:00+0800,17,Good,6.0,,17,11,4600,1020.9,319,Few Showers,Few Showers,Few Showers,30,rain,0.1,79,1,0.0,Few,Showers,,17,Low,2,2.21,0,16.0,17,65,ENE,9,wx2000
319,fod_long_range_hourly,72,D,14,Thursday,1600973789,1602122400,2020-10-08T10:00:00+0800,19,Very Good,9.0,,19,28,2800,1020.6,320,M Cloudy,Mostly Cloudy,Mostly Cloudy,24,rain,0.0,72,1,0.0,Mostly,Cloudy,,19,Moderate,4,3.79,0,16.0,19,86,E,10,wx1200
320,fod_long_range_hourly,72,D,13,Thursday,1600973789,1602126000,2020-10-08T11:00:00+0800,20,Very Good,9.0,,20,28,2800,1020.1,321,M Cloudy,Mostly Cloudy,Mostly Cloudy,24,rain,0.0,67,1,0.0,Mostly,Cloudy,,20,Moderate,5,5.06,0,16.0,20,86,E,12,wx1200
321,fod_long_range_hourly,74,D,13,Thursday,1600973789,1602129600,2020-10-08T12:00:00+0800,20,Excellent,10.0,,20,28,2800,1019.5,322,M Cloudy,Mostly Cloudy,Mostly Cloudy,24,rain,0.0,63,1,0.0,Mostly,Cloudy,,20,High,6,5.55,0,16.0,20,87,E,12,wx1200
322,fod_long_range_hourly,76,D,13,Thursday,1600973789,1602133200,2020-10-08T13:00:00+0800,21,Excellent,10.0,,21,28,2800,1019.0,323,M Cloudy,Mostly Cloudy,Mostly Cloudy,24,rain,0.0,60,1,0.0,Mostly,Cloudy,,21,Moderate,4,4.02,0,16.0,21,95,E,12,wx1200
323,fod_long_range_hourly,78,D,13,Thursday,1600973789,1602136800,2020-10-08T14:00:00+0800,21,Good,7.0,,21,11,1100,1018.8,324,Showers,Showers,Showers,35,rain,0.2,60,1,0.0,Showers,,,21,Moderate,3,2.98,0,10.0,21,90,E,12,wx2500
324,fod_long_range_hourly,79,D,13,Thursday,1600973789,1602140400,2020-10-08T15:00:00+0800,21,Good,7.0,,21,11,1100,1018.8,325,Showers,Showers,Showers,35,rain,0.2,60,1,0.0,Showers,,,21,Low,2,1.72,0,10.0,21,83,E,12,wx2500
325,fod_long_range_hourly,80,D,13,Thursday,1600973789,1602144000,2020-10-08T16:00:00+0800,21,Good,7.0,,21,11,1100,1018.9,326,Showers,Showers,Showers,37,rain,0.2,62,1,0.0,Showers,,,21,Low,1,0.66,0,10.0,21,86,E,11,wx2500
326,fod_long_range_hourly,81,D,14,Thursday,1600973789,1602147600,2020-10-08T17:00:00+0800,20,Good,7.0,,20,11,1100,1019.0,327,Showers,Showers,Showers,38,rain,0.2,66,1,0.0,Showers,,,20,Low,0,0.11,0,10.0,20,86,E,10,wx2500
327,fod_long_range_hourly,81,N,14,Thursday,1600973789,1602151200,2020-10-08T18:00:00+0800,19,,,,19,11,1100,1019.2,328,Showers,Showers,Showers,40,rain,0.2,72,1,0.0,Showers,,,19,Low,0,0.0,0,10.0,19,90,E,9,wx2500
328,fod_long_range_hourly,82,N,14,Thursday,1600973789,1602154800,2020-10-08T19:00:00+0800,18,,,,18,11,1100,1019.3,329,Showers,Showers,Showers,41,rain,0.2,79,1,0.0,Showers,,,18,Low,0,0.0,0,10.0,18,94,E,8,wx2500
329,fod_long_range_hourly,82,N,15,Thursday,1600973789,1602158400,2020-10-08T20:00:00+0800,17,,,,17,11,1100,1019.4,330,Showers,Showers,Showers,48,rain,0.2,85,1,0.0,Showers,,,17,Low,0,0.0,0,10.0,17,99,E,8,wx2500
330,fod_long_range_hourly,82,N,15,Thursday,1600973789,1602162000,2020-10-08T21:00:00+0800,17,,,,17,11,1100,1019.4,331,Showers,Showers,Showers,49,rain,0.2,88,1,0.0,Showers,,,17,Low,0,0.0,0,10.0,17,90,E,7,wx2500
331,fod_long_range_hourly,81,N,15,Thursday,1600973789,1602165600,2020-10-08T22:00:00+0800,16,,,,16,11,1100,1019.4,332,Showers,Showers,Showers,51,rain,0.2,89,1,0.0,Showers,,,16,Low,0,0.0,0,10.0,16,99,E,7,wx2500
332,fod_long_range_hourly,81,N,15,Thursday,1600973789,1602169200,2020-10-08T23:00:00+0800,16,,,,16,11,1100,1019.4,333,Showers,Showers,Showers,57,rain,0.3,90,1,0.0,Showers,,,16,Low,0,0.0,0,10.0,16,90,E,7,wx2500
333,fod_long_range_hourly,81,N,15,Friday,1600973789,1602172800,2020-10-09T00:00:00+0800,16,,,,16,11,1100,1019.2,334,Showers,Showers,Showers,59,rain,0.3,90,1,0.0,Showers,,,16,Low,0,0.0,0,10.0,16,96,E,6,wx2500
334,fod_long_range_hourly,80,N,15,Friday,1600973789,1602176400,2020-10-09T01:00:00+0800,16,,,,16,11,1201,1019.0,335,Light Rain,Light Rain,Light Rain,60,rain,0.3,92,1,0.0,Light,Rain,,16,Low,0,0.0,0,10.0,16,84,E,6,wx2500
335,fod_long_range_hourly,80,N,14,Friday,1600973789,1602180000,2020-10-09T02:00:00+0800,16,,,,16,11,1201,1018.8,336,Light Rain,Light Rain,Light Rain,60,rain,0.4,93,1,0.0,Light,Rain,,16,Low,0,0.0,0,10.0,16,74,ENE,6,wx2500
336,fod_long_range_hourly,79,N,14,Friday,1600973789,1602183600,2020-10-09T03:00:00+0800,16,,,,16,11,1100,1018.7,337,Showers,Showers,Showers,59,rain,0.35,92,1,0.0,Showers,,,16,Low,0,0.0,0,10.0,16,56,NE,6,wx2500
337,fod_long_range_hourly,78,N,14,Friday,1600973789,1602187200,2020-10-09T04:00:00+0800,15,,,,15,11,1100,1018.8,338,Showers,Showers,Showers,57,rain,0.27,94,1,0.0,Showers,,,15,Low,0,0.0,0,10.0,15,60,ENE,6,wx2500
338,fod_long_range_hourly,78,N,14,Friday,1600973789,1602190800,2020-10-09T05:00:00+0800,15,,,,15,11,1100,1018.9,339,Showers,Showers,Showers,51,rain,0.2,94,1,0.0,Showers,,,15,Low,0,0.0,0,10.0,15,68,ENE,6,wx2500
339,fod_long_range_hourly,77,N,14,Friday,1600973789,1602194400,2020-10-09T06:00:00+0800,15,,,,15,11,1100,1019.2,340,Showers,Showers,Showers,51,rain,0.2,96,1,0.0,Showers,,,15,Low,0,0.0,0,10.0,15,66,ENE,6,wx2500
340,fod_long_range_hourly,77,D,15,Friday,1600973789,1602198000,2020-10-09T07:00:00+0800,15,Fair,5.0,,15,11,1100,1019.4,341,Showers,Showers,Showers,52,rain,0.2,95,1,0.0,Showers,,,15,Low,0,0.12,0,10.0,15,66,ENE,6,wx2500
341,fod_long_range_hourly,76,D,15,Friday,1600973789,1602201600,2020-10-09T08:00:00+0800,17,Fair,5.0,,17,11,1100,1019.6,342,Showers,Showers,Showers,53,rain,0.2,89,1,0.0,Showers,,,17,Low,1,0.68,0,10.0,17,57,ENE,8,wx2500
342,fod_long_range_hourly,78,D,15,Friday,1600973789,1602205200,2020-10-09T09:00:00+0800,18,Good,6.0,,18,11,1100,1019.6,343,Showers,Showers,Showers,54,rain,0.2,84,1,0.0,Showers,,,18,Low,2,1.74,0,10.0,18,45,NE,9,wx2500
343,fod_long_range_hourly,78,D,15,Friday,1600973789,1602208800,2020-10-09T10:00:00+0800,19,Good,6.0,,19,11,1100,1019.4,344,Showers,Showers,Showers,53,rain,0.2,77,1,0.0,Showers,,,19,Moderate,3,2.99,0,10.0,19,90,E,10,wx2500
344,fod_long_range_hourly,100,D,14,Friday,1600973789,1602212400,2020-10-09T11:00:00+0800,20,Poor,3.0,,20,12,1200,1019.1,345,Rain,Rain,Rain,60,rain,0.65,72,1,0.0,Rain,,,20,Moderate,4,4.0,0,4.8,20,315,NW,11,wx2500
345,fod_long_range_hourly,77,D,14,Friday,1600973789,1602216000,2020-10-09T12:00:00+0800,20,Good,7.0,,20,11,1100,1018.65,346,Showers,Showers,Showers,58,rain,0.63,68,1,0.0,Showers,,,20,Moderate,4,4.38,0,10.0,20,318,NW,11,wx2500
346,fod_long_range_hourly,77,D,14,Friday,1600973789,1602219600,2020-10-09T13:00:00+0800,21,Good,7.0,,21,11,1100,1018.2,347,Showers,Showers,Showers,57,rain,0.6,66,1,0.0,Showers,,,21,Moderate,4,3.96,0,10.0,21,321,NW,12,wx2500
347,fod_long_range_hourly,77,D,14,Friday,1600973789,1602223200,2020-10-09T14:00:00+0800,21,Good,7.0,,21,11,1100,1018.0,348,Showers,Showers,Showers,49,rain,0.4,66,1,0.0,Showers,,,21,Moderate,3,2.93,0,10.0,21,338,NNW,12,wx2500
348,fod_long_range_hourly,77,D,14,Friday,1600973789,1602226800,2020-10-09T15:00:00+0800,21,Good,7.0,,21,11,1100,1018.05,349,Showers,Showers,Showers,49,rain,0.4,66,1,0.0,Showers,,,21,Low,2,1.68,0,10.0,21,333,NNW,11,wx2500
349,fod_long_range_hourly,77,D,14,Friday,1600973789,1602230400,2020-10-09T16:00:00+0800,20,Good,7.0,,20,11,1100,1018.2,350,Showers,Showers,Showers,50,rain,0.4,68,1,0.0,Showers,,,20,Low,1,0.64,0,10.0,20,346,NNW,11,wx2500
350,fod_long_range_hourly,77,D,14,Friday,1600973789,1602234000,2020-10-09T17:00:00+0800,20,Good,6.0,,20,11,1100,1018.4,351,Showers,Showers,Showers,52,rain,0.58,70,1,0.0,Showers,,,20,Low,0,0.1,0,10.0,20,348,NNW,10,wx2500
351,fod_long_range_hourly,77,N,14,Friday,1600973789,1602237600,2020-10-09T18:00:00+0800,19,,,,19,11,1100,1018.7,352,Showers,Showers,Showers,53,rain,0.47,77,1,0.0,Showers,,,19,Low,0,0.0,0,10.0,19,14,NNE,9,wx2500
352,fod_long_range_hourly,77,N,15,Friday,1600973789,1602241200,2020-10-09T19:00:00+0800,18,,,,18,11,1100,1019.0,353,Showers,Showers,Showers,54,rain,0.4,83,1,0.0,Showers,,,18,Low,0,0.0,0,10.0,18,45,NE,8,wx2500
353,fod_long_range_hourly,77,N,15,Friday,1600973789,1602244800,2020-10-09T20:00:00+0800,17,,,,17,11,1100,1019.3,354,Showers,Showers,Showers,50,rain,0.2,87,1,0.0,Showers,,,17,Low,0,0.0,0,10.0,17,56,NE,7,wx2500
354,fod_long_range_hourly,77,N,15,Friday,1600973789,1602248400,2020-10-09T21:00:00+0800,16,,,,16,11,1100,1019.4,355,Showers,Showers,Showers,51,rain,0.2,90,1,0.0,Showers,,,16,Low,0,0.0,0,10.0,16,40,NE,7,wx2500
355,fod_long_range_hourly,78,N,15,Friday,1600973789,1602252000,2020-10-09T22:00:00+0800,16,,,,16,11,1100,1019.5,356,Showers,Showers,Showers,53,rain,0.2,91,1,0.0,Showers,,,16,Low,0,0.0,0,10.0,16,56,NE,7,wx2500
356,fod_long_range_hourly,78,N,15,Friday,1600973789,1602255600,2020-10-09T23:00:00+0800,16,,,,16,11,1100,1019.5,357,Showers,Showers,Showers,56,rain,0.3,92,1,0.0,Showers,,,16,Low,0,0.0,0,10.0,16,24,NNE,7,wx2500
357,fod_long_range_hourly,78,N,15,Saturday,1600973789,1602259200,2020-10-10T00:00:00+0800,16,,,,16,11,1100,1019.5,358,Showers,Showers,Showers,58,rain,0.3,94,1,0.0,Showers,,,16,Low,0,0.0,0,10.0,16,16,NNE,7,wx2500
358,fod_long_range_hourly,78,N,15,Saturday,1600973789,1602262800,2020-10-10T01:00:00+0800,15,,,,15,11,1100,1019.4,359,Showers,Showers,Showers,59,rain,0.3,95,1,0.0,Showers,,,15,Low,0,0.0,0,10.0,15,10,N,7,wx2500
359,fod_long_range_hourly,77,N,14,Saturday,1600973789,1602266400,2020-10-10T02:00:00+0800,15,,,,15,11,1100,1019.4,360,Showers,Showers,Showers,46,rain,0.12,96,1,0.0,Showers,,,15,Low,0,0.0,0,10.0,15,354,N,7,wx2500
